Device : ;PAX1000IR2/M
Serial Number : ;M00533422
Firmware Version : ;1.0.3
Software Version : ;1.3.1907.145
Wavelength [nm] : ;1550
Basic Sample Rate [Hz] : ;60
Operating Mode : ;2 revolutions for one measurement, 512 points for FFT

Time[date hh:mm:ss] ; Elapsed Time [hh:mm:ss:ms]; Normalized s 1 ; Normalized s 2 ; Normalized s 3 ; S 0 [mW]; S 1 [mW]; S 2 [mW]; S 3 [mW]; Azimuth[°] ; Ellipticity[°] ; DOP[%] ; DOCP[%] ; DOLP[%] ; Power[mW] ; Pol Power[mW] ; Unpol Power[mW] ; Power[dBm] ; Pol Power[dBm] ; Unpol Power[dBm] ; Power-Split-Ratio ; Phase Difference[°] ; Warning
2023-04-18 16:06:43.88;0.00:00:00:247;0.29;-0.22;0.93;0.2289;0.06453;-0.04786;0.2057;-18.28;34.33;96.46;89.85;35.10;0.2289;0.2208;0.008096;-6.403;-6.559;-20.917;0.65;103.10;
2023-04-18 16:06:44.15;0.00:00:00:513;0.29;-0.22;0.93;0.2289;0.06453;-0.04795;0.2057;-18.31;34.33;96.48;89.86;35.12;0.2289;0.2209;0.008063;-6.403;-6.559;-20.935;0.65;103.12;
2023-04-18 16:06:44.40;0.00:00:00:765;0.29;-0.22;0.93;0.2292;0.06466;-0.04799;0.2059;-18.29;34.32;96.48;89.85;35.14;0.2292;0.2211;0.008078;-6.398;-6.554;-20.927;0.65;103.12;
2023-04-18 16:06:44.65;0.00:00:01:022;0.29;-0.22;0.93;0.2294;0.06467;-0.048;0.2061;-18.29;34.33;96.48;89.86;35.11;0.2294;0.2213;0.008085;-6.395;-6.550;-20.923;0.65;103.11;
2023-04-18 16:06:44.91;0.00:00:01:283;0.29;-0.22;0.93;0.2295;0.06474;-0.04805;0.2062;-18.29;34.32;96.46;89.84;35.13;0.2295;0.2214;0.008123;-6.392;-6.548;-20.903;0.65;103.12;
2023-04-18 16:06:45.17;0.00:00:01:536;0.29;-0.22;0.93;0.2296;0.06474;-0.04806;0.2063;-18.29;34.33;96.47;89.85;35.12;0.2296;0.2215;0.008097;-6.391;-6.547;-20.917;0.65;103.12;
2023-04-18 16:06:45.42;0.00:00:01:788;0.29;-0.22;0.93;0.2296;0.06478;-0.04812;0.2063;-18.30;34.32;96.47;89.84;35.15;0.2296;0.2215;0.0081;-6.390;-6.546;-20.915;0.65;103.13;
2023-04-18 16:06:45.67;0.00:00:02:039;0.34;-0.23;0.91;0.2295;0.07558;-0.05199;0.2019;-17.26;32.78;96.62;87.96;39.97;0.2295;0.2218;0.007762;-6.392;-6.541;-21.101;0.67;104.44;
2023-04-18 16:06:45.92;0.00:00:02:288;0.34;-0.23;0.91;0.2297;0.07569;-0.05202;0.202;-17.25;32.77;96.62;87.95;39.99;0.2297;0.2219;0.007771;-6.389;-6.539;-21.095;0.67;104.44;
2023-04-18 16:06:46.17;0.00:00:02:541;0.36;-0.24;0.90;0.2295;0.07884;-0.05301;0.2004;-16.96;32.32;96.64;87.32;41.40;0.2295;0.2218;0.007705;-6.393;-6.541;-21.132;0.68;104.82;
2023-04-18 16:06:46.42;0.00:00:02:790;0.37;-0.24;0.90;0.2295;0.08193;-0.05408;0.1991;-16.71;31.87;96.71;86.74;42.78;0.2295;0.222;0.007548;-6.392;-6.537;-21.222;0.68;105.20;
2023-04-18 16:06:46.68;0.00:00:03:048;0.37;-0.24;0.90;0.2296;0.08203;-0.05417;0.1991;-16.72;31.86;96.71;86.72;42.81;0.2296;0.2221;0.007552;-6.390;-6.535;-21.219;0.68;105.22;
2023-04-18 16:06:46.94;0.00:00:03:304;0.41;-0.26;0.88;0.2295;0.09026;-0.05692;0.195;-16.12;30.65;96.84;84.94;46.49;0.2295;0.2222;0.007264;-6.392;-6.532;-21.388;0.70;106.28;
2023-04-18 16:06:47.18;0.00:00:03:551;0.41;-0.26;0.88;0.2295;0.09028;-0.0569;0.1949;-16.11;30.65;96.83;84.93;46.49;0.2295;0.2222;0.007287;-6.392;-6.532;-21.374;0.70;106.27;
2023-04-18 16:06:47.44;0.00:00:03:806;0.44;-0.27;0.86;0.2294;0.0985;-0.0594;0.1904;-15.55;29.43;96.95;82.98;50.14;0.2294;0.2224;0.006991;-6.394;-6.528;-21.555;0.72;107.33;
2023-04-18 16:06:47.71;0.00:00:04:074;0.44;-0.27;0.86;0.2294;0.09853;-0.05947;0.1903;-15.56;29.42;96.96;82.96;50.17;0.2294;0.2224;0.006984;-6.394;-6.529;-21.559;0.72;107.35;
2023-04-18 16:06:47.96;0.00:00:04:327;0.47;-0.28;0.84;0.2291;0.1055;-0.06132;0.186;-15.09;28.37;97.07;81.17;53.24;0.2291;0.2224;0.006713;-6.399;-6.528;-21.731;0.74;108.25;
2023-04-18 16:06:48.21;0.00:00:04:579;0.47;-0.28;0.84;0.2291;0.1055;-0.06132;0.1859;-15.08;28.36;97.07;81.15;53.27;0.2291;0.2224;0.006707;-6.401;-6.530;-21.734;0.74;108.26;
2023-04-18 16:06:48.46;0.00:00:04:831;0.48;-0.29;0.83;0.229;0.1077;-0.06351;0.184;-15.26;27.90;97.16;80.36;54.61;0.229;0.2225;0.0065;-6.401;-6.526;-21.871;0.74;109.04;
2023-04-18 16:06:48.71;0.00:00:05:083;0.52;-0.29;0.80;0.229;0.115;-0.06529;0.1791;-14.79;26.78;97.23;78.21;57.76;0.229;0.2227;0.00634;-6.401;-6.523;-21.979;0.76;110.03;
2023-04-18 16:06:48.96;0.00:00:05:333;0.52;-0.29;0.80;0.2291;0.1151;-0.06532;0.1791;-14.78;26.77;97.24;78.21;57.79;0.2291;0.2227;0.006323;-6.401;-6.522;-21.991;0.76;110.03;
2023-04-18 16:06:49.22;0.00:00:05:584;0.55;-0.30;0.78;0.2289;0.1216;-0.06662;0.1744;-14.35;25.76;97.34;76.19;60.58;0.2289;0.2228;0.006092;-6.403;-6.520;-22.152;0.77;110.90;
2023-04-18 16:06:49.47;0.00:00:05:834;0.55;-0.30;0.78;0.2288;0.1215;-0.06666;0.1744;-14.37;25.76;97.35;76.20;60.58;0.2288;0.2228;0.006065;-6.405;-6.521;-22.172;0.77;110.92;
2023-04-18 16:06:49.72;0.00:00:06:087;0.59;-0.31;0.75;0.2286;0.1308;-0.06851;0.1671;-13.82;24.27;97.52;73.08;64.58;0.2286;0.223;0.00566;-6.409;-6.517;-22.472;0.79;112.29;
2023-04-18 16:06:49.97;0.00:00:06:336;0.59;-0.31;0.75;0.2286;0.1308;-0.06845;0.1671;-13.81;24.26;97.52;73.07;64.58;0.2286;0.223;0.005678;-6.409;-6.518;-22.458;0.79;112.28;
2023-04-18 16:06:50.22;0.00:00:06:590;0.59;-0.31;0.75;0.2285;0.1309;-0.0685;0.1669;-13.81;24.24;97.53;73.03;64.64;0.2285;0.2229;0.005644;-6.411;-6.520;-22.484;0.79;112.32;
2023-04-18 16:06:50.48;0.00:00:06:845;0.62;-0.31;0.72;0.2284;0.1383;-0.06982;0.1605;-13.39;23.01;97.66;70.27;67.82;0.2284;0.2231;0.005351;-6.413;-6.515;-22.716;0.81;113.51;
2023-04-18 16:06:50.73;0.00:00:07:098;0.62;-0.31;0.72;0.2284;0.1383;-0.06975;0.1605;-13.39;23.01;97.65;70.27;67.81;0.2284;0.223;0.005358;-6.413;-6.516;-22.710;0.81;113.49;
2023-04-18 16:06:50.99;0.00:00:07:356;0.65;-0.32;0.69;0.2283;0.1452;-0.07068;0.1542;-12.98;21.84;97.78;67.52;70.72;0.2283;0.2232;0.005069;-6.415;-6.512;-22.951;0.83;114.63;
2023-04-18 16:06:51.24;0.00:00:07:607;0.65;-0.32;0.69;0.2283;0.1452;-0.07066;0.1542;-12.98;21.84;97.78;67.52;70.72;0.2283;0.2233;0.005073;-6.414;-6.512;-22.948;0.83;114.62;
2023-04-18 16:06:51.49;0.00:00:07:859;0.67;-0.32;0.67;0.2282;0.1507;-0.07129;0.1486;-12.66;20.85;97.89;65.12;73.08;0.2282;0.2233;0.004815;-6.418;-6.510;-23.174;0.84;115.63;
2023-04-18 16:06:51.74;0.00:00:08:110;0.68;-0.32;0.66;0.2282;0.1509;-0.07127;0.1485;-12.64;20.83;97.89;65.08;73.12;0.2282;0.2234;0.004823;-6.416;-6.509;-23.167;0.84;115.63;
2023-04-18 16:06:51.99;0.00:00:08:362;0.69;-0.32;0.64;0.2276;0.1548;-0.07212;0.1439;-12.49;20.06;98.09;63.21;75.02;0.2276;0.2233;0.004338;-6.428;-6.511;-23.627;0.85;116.62;
2023-04-18 16:06:52.25;0.00:00:08:614;0.71;-0.32;0.63;0.2279;0.1579;-0.07199;0.1407;-12.26;19.52;98.03;61.74;76.14;0.2279;0.2234;0.004493;-6.423;-6.509;-23.474;0.85;117.09;
2023-04-18 16:06:52.50;0.00:00:08:865;0.71;-0.32;0.63;0.2279;0.1579;-0.072;0.1407;-12.25;19.52;98.03;61.74;76.15;0.2279;0.2234;0.004482;-6.422;-6.509;-23.485;0.85;117.10;
2023-04-18 16:06:52.75;0.00:00:09:119;0.74;-0.32;0.59;0.2277;0.1654;-0.07252;0.1318;-11.84;18.06;98.18;57.87;79.31;0.2277;0.2236;0.004142;-6.426;-6.506;-23.828;0.87;118.82;
2023-04-18 16:06:53.00;0.00:00:09:371;0.74;-0.32;0.59;0.2277;0.1654;-0.07251;0.1318;-11.84;18.06;98.18;57.87;79.31;0.2277;0.2236;0.004147;-6.426;-6.506;-23.823;0.87;118.82;
2023-04-18 16:06:53.25;0.00:00:09:622;0.76;-0.32;0.57;0.2275;0.1695;-0.07253;0.1264;-11.58;17.22;98.27;55.58;81.04;0.2275;0.2235;0.003932;-6.431;-6.507;-24.053;0.88;119.84;
2023-04-18 16:06:53.50;0.00:00:09:871;0.76;-0.32;0.56;0.2275;0.1698;-0.07245;0.1262;-11.56;17.18;98.25;55.44;81.11;0.2275;0.2236;0.003976;-6.429;-6.506;-24.005;0.88;119.87;
2023-04-18 16:06:53.76;0.00:00:10:125;0.77;-0.33;0.55;0.2269;0.1716;-0.07282;0.1229;-11.50;16.70;98.41;54.16;82.16;0.2269;0.2233;0.003608;-6.441;-6.511;-24.427;0.88;120.65;
2023-04-18 16:06:54.01;0.00:00:10:376;0.78;-0.32;0.53;0.2272;0.1748;-0.07242;0.119;-11.25;16.09;98.37;52.38;83.26;0.2272;0.2235;0.003714;-6.436;-6.507;-24.301;0.89;121.32;
2023-04-18 16:06:54.27;0.00:00:10:639;0.78;-0.32;0.53;0.2273;0.1749;-0.07237;0.119;-11.24;16.08;98.36;52.36;83.27;0.2273;0.2235;0.00372;-6.435;-6.506;-24.294;0.89;121.31;
2023-04-18 16:06:54.53;0.00:00:10:897;0.80;-0.32;0.50;0.2272;0.1792;-0.07197;0.1128;-10.94;15.14;98.45;49.64;85.02;0.2272;0.2237;0.003522;-6.436;-6.504;-24.532;0.90;122.54;
2023-04-18 16:06:54.78;0.00:00:11:147;0.80;-0.32;0.50;0.2272;0.1793;-0.072;0.1128;-10.94;15.14;98.45;49.64;85.02;0.2272;0.2237;0.003513;-6.435;-6.503;-24.543;0.90;122.55;
2023-04-18 16:06:55.03;0.00:00:11:401;0.83;-0.32;0.47;0.2271;0.1849;-0.07128;0.1042;-10.54;13.87;98.58;45.87;87.25;0.2271;0.2239;0.003237;-6.437;-6.499;-24.899;0.91;124.38;
2023-04-18 16:06:55.29;0.00:00:11:656;0.83;-0.32;0.46;0.2272;0.185;-0.07135;0.1041;-10.54;13.85;98.59;45.84;87.28;0.2272;0.224;0.003212;-6.436;-6.498;-24.932;0.91;124.41;
2023-04-18 16:06:55.54;0.00:00:11:907;0.83;-0.32;0.46;0.2271;0.1853;-0.0715;0.1037;-10.55;13.78;98.65;45.65;87.45;0.2271;0.224;0.003067;-6.438;-6.497;-25.132;0.91;124.60;
2023-04-18 16:06:55.79;0.00:00:12:156;0.85;-0.31;0.43;0.2272;0.1898;-0.07022;0.09663;-10.15;12.76;98.69;42.53;89.06;0.2272;0.2242;0.002966;-6.436;-6.493;-25.278;0.92;126.01;
2023-04-18 16:06:56.04;0.00:00:12:407;0.85;-0.31;0.43;0.2271;0.1897;-0.07017;0.09662;-10.15;12.77;98.69;42.54;89.05;0.2271;0.2242;0.002987;-6.437;-6.494;-25.248;0.92;125.99;
2023-04-18 16:06:56.29;0.00:00:12:658;0.87;-0.31;0.39;0.227;0.1945;-0.06865;0.08799;-9.72;11.55;98.78;38.76;90.86;0.227;0.2243;0.002768;-6.439;-6.492;-25.579;0.93;127.96;
2023-04-18 16:06:56.56;0.00:00:12:928;0.87;-0.31;0.39;0.2271;0.1946;-0.06868;0.08796;-9.72;11.54;98.79;38.73;90.88;0.2271;0.2244;0.002749;-6.438;-6.490;-25.608;0.93;127.98;
2023-04-18 16:06:56.81;0.00:00:13:181;0.88;-0.30;0.37;0.2271;0.1977;-0.06757;0.08246;-9.44;10.77;98.87;36.30;91.97;0.2271;0.2246;0.002563;-6.437;-6.486;-25.913;0.94;129.33;
2023-04-18 16:06:57.06;0.00:00:13:432;0.88;-0.30;0.37;0.2272;0.1976;-0.06741;0.08251;-9.42;10.78;98.84;36.32;91.93;0.2272;0.2245;0.002624;-6.437;-6.487;-25.810;0.94;129.25;
2023-04-18 16:06:57.32;0.00:00:13:685;0.88;-0.30;0.36;0.2268;0.1983;-0.06759;0.0808;-9.41;10.55;98.99;35.63;92.35;0.2268;0.2245;0.002299;-6.443;-6.488;-26.384;0.94;129.91;
2023-04-18 16:06:57.57;0.00:00:13:938;0.90;-0.29;0.33;0.2272;0.2023;-0.06537;0.07323;-8.95;9.50;98.95;32.23;93.56;0.2272;0.2248;0.002377;-6.436;-6.481;-26.240;0.95;131.75;
2023-04-18 16:06:57.82;0.00:00:14:189;0.90;-0.29;0.33;0.2272;0.2023;-0.06538;0.07316;-8.95;9.49;98.95;32.19;93.57;0.2272;0.2249;0.002385;-6.435;-6.481;-26.225;0.95;131.79;
2023-04-18 16:06:58.07;0.00:00:14:439;0.91;-0.28;0.29;0.2272;0.2057;-0.06358;0.06547;-8.59;8.46;99.03;28.81;94.74;0.2272;0.225;0.002211;-6.435;-6.478;-26.555;0.96;134.16;
2023-04-18 16:06:58.32;0.00:00:14:687;0.91;-0.28;0.29;0.2273;0.2057;-0.06354;0.06546;-8.58;8.45;99.02;28.80;94.74;0.2273;0.2251;0.002217;-6.435;-6.477;-26.543;0.96;134.15;
2023-04-18 16:06:58.57;0.00:00:14:942;0.92;-0.28;0.26;0.2272;0.208;-0.06218;0.05957;-8.32;7.67;99.09;26.22;95.56;0.2272;0.2252;0.002066;-6.436;-6.475;-26.848;0.96;136.23;
2023-04-18 16:06:58.83;0.00:00:15:195;0.92;-0.28;0.26;0.2272;0.2081;-0.06211;0.05954;-8.31;7.67;99.09;26.20;95.56;0.2272;0.2252;0.002076;-6.435;-6.475;-26.828;0.96;136.21;
2023-04-18 16:06:59.08;0.00:00:15:446;0.93;-0.27;0.24;0.2264;0.2094;-0.06108;0.05369;-8.13;6.91;99.21;23.72;96.34;0.2264;0.2246;0.001784;-6.451;-6.486;-27.487;0.97;138.68;
2023-04-18 16:06:59.33;0.00:00:15:698;0.94;-0.27;0.23;0.227;0.211;-0.05984;0.05092;-7.92;6.54;99.16;22.43;96.59;0.227;0.2251;0.001908;-6.439;-6.476;-27.195;0.97;139.61;
2023-04-18 16:06:59.58;0.00:00:15:949;0.94;-0.27;0.23;0.227;0.2109;-0.05979;0.05094;-7.91;6.54;99.15;22.44;96.58;0.227;0.2251;0.001919;-6.439;-6.476;-27.169;0.97;139.57;
2023-04-18 16:06:59.83;0.00:00:16:200;0.95;-0.25;0.19;0.2269;0.2139;-0.05662;0.04176;-7.41;5.34;99.21;18.40;97.49;0.2269;0.2252;0.001791;-6.441;-6.475;-27.470;0.97;143.59;
2023-04-18 16:07:00.08;0.00:00:16:448;0.95;-0.25;0.19;0.2269;0.2139;-0.05662;0.04175;-7.41;5.34;99.23;18.40;97.50;0.2269;0.2252;0.001758;-6.441;-6.475;-27.550;0.97;143.59;
2023-04-18 16:07:00.34;0.00:00:16:705;0.96;-0.24;0.15;0.2268;0.2158;-0.05381;0.03451;-7.00;4.41;99.25;15.22;98.08;0.2268;0.2251;0.001695;-6.444;-6.476;-27.708;0.98;147.32;
2023-04-18 16:07:00.59;0.00:00:16:953;0.96;-0.24;0.15;0.2269;0.2159;-0.05379;0.03443;-6.99;4.40;99.26;15.18;98.10;0.2269;0.2252;0.001673;-6.442;-6.475;-27.766;0.98;147.38;
2023-04-18 16:07:00.84;0.00:00:17:205;0.96;-0.24;0.14;0.2265;0.2164;-0.05296;0.03125;-6.88;3.99;99.34;13.80;98.38;0.2265;0.225;0.001485;-6.450;-6.479;-28.284;0.98;149.46;
2023-04-18 16:07:01.09;0.00:00:17:458;0.97;-0.23;0.13;0.2269;0.2177;-0.05121;0.02827;-6.62;3.60;99.32;12.46;98.53;0.2269;0.2254;0.001549;-6.441;-6.471;-28.100;0.98;151.10;
2023-04-18 16:07:01.34;0.00:00:17:709;0.97;-0.23;0.12;0.2267;0.2175;-0.05122;0.0279;-6.63;3.56;99.34;12.31;98.57;0.2267;0.2252;0.001501;-6.446;-6.474;-28.237;0.98;151.43;
2023-04-18 16:07:01.59;0.00:00:17:961;0.97;-0.22;0.09;0.2269;0.2192;-0.04852;0.02138;-6.24;2.72;99.37;9.42;98.92;0.2269;0.2255;0.001433;-6.441;-6.469;-28.437;0.99;156.21;
2023-04-18 16:07:01.84;0.00:00:18:212;0.97;-0.22;0.09;0.2268;0.219;-0.04849;0.0213;-6.24;2.71;99.35;9.39;98.90;0.2268;0.2253;0.001477;-6.444;-6.472;-28.305;0.99;156.28;
2023-04-18 16:07:02.10;0.00:00:18:463;0.98;-0.20;0.06;0.2267;0.2204;-0.0446;0.01292;-5.72;1.64;99.37;5.70;99.21;0.2267;0.2253;0.001432;-6.445;-6.473;-28.442;0.99;163.85;
2023-04-18 16:07:02.35;0.00:00:18:713;0.98;-0.20;0.06;0.2267;0.2204;-0.04474;0.01284;-5.74;1.63;99.39;5.67;99.23;0.2267;0.2253;0.001386;-6.446;-6.473;-28.583;0.99;163.98;
2023-04-18 16:07:02.60;0.00:00:18:966;0.98;-0.19;0.03;0.2266;0.2212;-0.04207;0.007777;-5.38;0.99;99.40;3.43;99.34;0.2266;0.2253;0.00137;-6.447;-6.473;-28.631;0.99;169.53;
2023-04-18 16:07:02.85;0.00:00:19:219;0.98;-0.19;0.03;0.2268;0.2213;-0.04204;0.007726;-5.38;0.98;99.40;3.41;99.34;0.2268;0.2254;0.001368;-6.444;-6.470;-28.640;0.99;169.59;
2023-04-18 16:07:03.11;0.00:00:19:481;0.98;-0.18;0.03;0.2266;0.2214;-0.04149;0.005861;-5.31;0.75;99.44;2.59;99.41;0.2266;0.2253;0.001269;-6.447;-6.471;-28.965;0.99;171.96;
2023-04-18 16:07:03.37;0.00:00:19:740;0.99;-0.17;0.01;0.2274;0.2228;-0.03863;0.001456;-4.92;0.18;99.43;0.64;99.43;0.2274;0.2261;0.001301;-6.431;-6.456;-28.856;0.99;177.84;
2023-04-18 16:07:03.62;0.00:00:19:990;0.99;-0.17;0.01;0.2276;0.2229;-0.03874;0.001432;-4.93;0.18;99.43;0.63;99.43;0.2276;0.2263;0.001296;-6.428;-6.453;-28.874;0.99;177.88;
2023-04-18 16:07:03.88;0.00:00:20:244;0.99;-0.16;-0.02;0.2278;0.2237;-0.03531;-0.004876;-4.49;-0.62;99.43;2.14;99.41;0.2278;0.2265;0.001289;-6.425;-6.450;-28.899;0.99;-172.14;
2023-04-18 16:07:04.13;0.00:00:20:496;0.99;-0.16;-0.02;0.2279;0.2238;-0.03535;-0.004876;-4.49;-0.62;99.44;2.14;99.42;0.2279;0.2266;0.00127;-6.423;-6.448;-28.963;0.99;-172.15;
2023-04-18 16:07:04.38;0.00:00:20:749;0.99;-0.14;-0.05;0.2281;0.2244;-0.0314;-0.0115;-3.98;-1.45;99.46;5.04;99.33;0.2281;0.2268;0.001236;-6.419;-6.443;-29.079;0.99;-159.89;
2023-04-18 16:07:04.63;0.00:00:20:997;0.99;-0.14;-0.05;0.2281;0.2244;-0.03136;-0.01149;-3.98;-1.45;99.46;5.04;99.33;0.2281;0.2269;0.001241;-6.419;-6.442;-29.063;0.99;-159.88;
2023-04-18 16:07:04.88;0.00:00:21:249;0.99;-0.13;-0.07;0.2277;0.2241;-0.0289;-0.01575;-3.67;-1.99;99.46;6.92;99.22;0.2277;0.2265;0.001223;-6.426;-6.449;-29.125;0.99;-151.40;
2023-04-18 16:07:05.13;0.00:00:21:500;0.99;-0.12;-0.08;0.2282;0.2246;-0.02787;-0.01724;-3.54;-2.18;99.46;7.56;99.17;0.2282;0.2269;0.001228;-6.417;-6.441;-29.108;0.99;-148.26;
2023-04-18 16:07:05.38;0.00:00:21:749;0.99;-0.12;-0.08;0.2282;0.2246;-0.02777;-0.01722;-3.53;-2.18;99.46;7.55;99.17;0.2282;0.2269;0.001234;-6.418;-6.441;-29.088;0.99;-148.21;
2023-04-18 16:07:05.63;0.00:00:22:003;0.99;-0.11;-0.10;0.2283;0.2248;-0.02414;-0.02193;-3.06;-2.77;99.46;9.60;99.00;0.2283;0.2271;0.001229;-6.414;-6.438;-29.105;0.99;-137.74;
2023-04-18 16:07:05.88;0.00:00:22:250;0.99;-0.11;-0.09;0.2282;0.2247;-0.02385;-0.02134;-3.03;-2.70;99.47;9.35;99.03;0.2282;0.227;0.00121;-6.417;-6.441;-29.173;1.00;-138.17;
2023-04-18 16:07:06.14;0.00:00:22:504;0.99;-0.09;-0.12;0.2283;0.2247;-0.02057;-0.02639;-2.62;-3.34;99.49;11.56;98.82;0.2283;0.2272;0.001166;-6.415;-6.437;-29.335;0.99;-127.94;
2023-04-18 16:07:06.39;0.00:00:22:756;0.99;-0.09;-0.12;0.2282;0.2246;-0.02047;-0.0264;-2.60;-3.34;99.48;11.57;98.80;0.2282;0.227;0.001193;-6.416;-6.439;-29.235;0.99;-127.80;
2023-04-18 16:07:06.64;0.00:00:23:010;0.99;-0.08;-0.13;0.228;0.224;-0.01789;-0.03034;-2.28;-3.84;99.46;13.31;98.56;0.228;0.2268;0.001235;-6.421;-6.444;-29.083;0.99;-120.53;
2023-04-18 16:07:06.89;0.00:00:23:263;0.99;-0.08;-0.14;0.2282;0.2242;-0.01743;-0.03082;-2.22;-3.90;99.46;13.50;98.53;0.2282;0.227;0.001243;-6.416;-6.440;-29.056;0.99;-119.50;
2023-04-18 16:07:07.15;0.00:00:23:515;0.99;-0.08;-0.14;0.2282;0.2242;-0.01744;-0.03083;-2.22;-3.90;99.45;13.51;98.53;0.2282;0.2269;0.001246;-6.417;-6.441;-29.044;0.99;-119.50;
2023-04-18 16:07:07.40;0.00:00:23:766;0.99;-0.06;-0.16;0.2282;0.2237;-0.01326;-0.03632;-1.70;-4.60;99.45;15.91;98.17;0.2282;0.227;0.001253;-6.416;-6.440;-29.021;0.99;-110.05;
2023-04-18 16:07:07.65;0.00:00:24:015;0.99;-0.06;-0.16;0.2282;0.2236;-0.01325;-0.03633;-1.70;-4.61;99.45;15.92;98.17;0.2282;0.2269;0.001253;-6.417;-6.441;-29.020;0.99;-110.03;
2023-04-18 16:07:07.90;0.00:00:24:270;0.98;-0.04;-0.18;0.2283;0.223;-0.009386;-0.04112;-1.20;-5.22;99.45;18.01;97.80;0.2283;0.227;0.00126;-6.416;-6.440;-28.995;0.99;-102.86;
2023-04-18 16:07:08.15;0.00:00:24:521;0.98;-0.04;-0.18;0.2282;0.223;-0.009374;-0.04111;-1.20;-5.22;99.45;18.01;97.80;0.2282;0.227;0.001259;-6.416;-6.440;-29.000;0.99;-102.84;
2023-04-18 16:07:08.41;0.00:00:24:773;0.98;-0.02;-0.21;0.2282;0.222;-0.004957;-0.04652;-0.64;-5.92;99.42;20.39;97.31;0.2282;0.2269;0.001316;-6.417;-6.442;-28.808;0.99;-96.08;
2023-04-18 16:07:08.66;0.00:00:25:025;0.98;-0.02;-0.21;0.2283;0.2221;-0.004922;-0.04668;-0.63;-5.93;99.43;20.45;97.31;0.2283;0.227;0.001295;-6.416;-6.440;-28.878;0.99;-96.02;
2023-04-18 16:07:08.91;0.00:00:25:275;0.98;-0.02;-0.21;0.2282;0.222;-0.004904;-0.04665;-0.63;-5.93;99.42;20.44;97.30;0.2282;0.2269;0.001324;-6.416;-6.441;-28.782;0.99;-96.00;
2023-04-18 16:07:09.16;0.00:00:25:528;0.98;-0.01;-0.22;0.2283;0.2214;-0.002572;-0.04937;-0.33;-6.28;99.40;21.63;97.02;0.2283;0.2269;0.001368;-6.416;-6.442;-28.640;0.99;-92.98;
2023-04-18 16:07:09.41;0.00:00:25:779;0.98;-0.01;-0.22;0.2284;0.2216;-0.002546;-0.04943;-0.33;-6.29;99.41;21.64;97.03;0.2284;0.227;0.001339;-6.414;-6.439;-28.731;0.99;-92.95;
2023-04-18 16:07:09.67;0.00:00:26:034;0.97;0.01;-0.24;0.2286;0.2203;0.003228;-0.05545;0.42;-7.06;99.39;24.26;96.39;0.2286;0.2272;0.001389;-6.410;-6.436;-28.572;0.98;-86.67;
2023-04-18 16:07:09.92;0.00:00:26:285;0.97;0.01;-0.24;0.2286;0.2203;0.003117;-0.05549;0.41;-7.07;99.39;24.27;96.38;0.2286;0.2272;0.001399;-6.409;-6.435;-28.542;0.98;-86.79;
2023-04-18 16:07:10.17;0.00:00:26:539;0.97;0.03;-0.26;0.2288;0.2198;0.006011;-0.05832;0.78;-7.43;99.39;25.48;96.07;0.2288;0.2274;0.0014;-6.405;-6.431;-28.538;0.98;-84.12;
2023-04-18 16:07:10.42;0.00:00:26:790;0.97;0.03;-0.26;0.2288;0.2197;0.006028;-0.05831;0.79;-7.43;99.37;25.48;96.05;0.2288;0.2274;0.001434;-6.405;-6.432;-28.435;0.98;-84.10;
2023-04-18 16:07:10.67;0.00:00:27:042;0.97;0.03;-0.26;0.2289;0.2197;0.005938;-0.05832;0.77;-7.43;99.37;25.48;96.05;0.2289;0.2274;0.001433;-6.404;-6.432;-28.437;0.98;-84.19;
2023-04-18 16:07:10.93;0.00:00:27:297;0.96;0.04;-0.27;0.2291;0.2187;0.01002;-0.06236;1.31;-7.95;99.36;27.22;95.56;0.2291;0.2276;0.001469;-6.400;-6.428;-28.330;0.98;-80.87;
2023-04-18 16:07:11.18;0.00:00:27:548;0.96;0.04;-0.27;0.2291;0.2187;0.01009;-0.06241;1.32;-7.95;99.36;27.24;95.55;0.2291;0.2277;0.001465;-6.399;-6.427;-28.342;0.98;-80.82;
2023-04-18 16:07:11.43;0.00:00:27:803;0.95;0.06;-0.29;0.2292;0.2174;0.01407;-0.06613;1.85;-8.44;99.32;28.85;95.04;0.2292;0.2277;0.001561;-6.398;-6.427;-28.067;0.98;-77.99;
2023-04-18 16:07:11.69;0.00:00:28:055;0.95;0.06;-0.29;0.2293;0.2175;0.014;-0.06616;1.84;-8.44;99.33;28.85;95.05;0.2293;0.2278;0.001535;-6.396;-6.425;-28.138;0.98;-78.05;
2023-04-18 16:07:11.94;0.00:00:28:308;0.95;0.07;-0.30;0.2292;0.2163;0.01623;-0.06858;2.15;-8.77;99.26;29.93;94.64;0.2292;0.2275;0.001697;-6.399;-6.431;-27.703;0.98;-76.68;
2023-04-18 16:07:12.20;0.00:00:28:563;0.95;0.08;-0.30;0.2295;0.2164;0.01752;-0.06951;2.31;-8.88;99.31;30.28;94.58;0.2295;0.228;0.001579;-6.392;-6.422;-28.016;0.97;-75.86;
2023-04-18 16:07:12.45;0.00:00:28:816;0.95;0.08;-0.31;0.2292;0.2152;0.0189;-0.07088;2.51;-9.08;99.22;30.93;94.28;0.2292;0.2274;0.001777;-6.399;-6.433;-27.503;0.97;-75.07;
2023-04-18 16:07:12.70;0.00:00:29:070;0.94;0.10;-0.32;0.2296;0.2145;0.02248;-0.07358;2.99;-9.42;99.26;32.05;93.94;0.2296;0.2279;0.001705;-6.391;-6.423;-27.683;0.97;-73.01;
2023-04-18 16:07:12.95;0.00:00:29:322;0.94;0.10;-0.32;0.2296;0.2145;0.02246;-0.0736;2.99;-9.42;99.27;32.05;93.95;0.2296;0.2279;0.001687;-6.390;-6.422;-27.729;0.97;-73.03;
2023-04-18 16:07:13.21;0.00:00:29:575;0.94;0.11;-0.33;0.2296;0.2134;0.02506;-0.0758;3.35;-9.72;99.24;33.01;93.59;0.2296;0.2279;0.001749;-6.390;-6.423;-27.572;0.97;-71.71;
2023-04-18 16:07:13.46;0.00:00:29:828;0.94;0.11;-0.33;0.2296;0.2134;0.02511;-0.07576;3.36;-9.71;99.24;33.00;93.60;0.2296;0.2278;0.001738;-6.391;-6.424;-27.600;0.97;-71.66;
2023-04-18 16:07:13.71;0.00:00:30:082;0.93;0.12;-0.34;0.2296;0.2121;0.02837;-0.07821;3.81;-10.04;99.23;34.07;93.20;0.2296;0.2278;0.00177;-6.391;-6.425;-27.521;0.97;-70.06;
2023-04-18 16:07:13.97;0.00:00:30:334;0.93;0.12;-0.34;0.2294;0.2119;0.02832;-0.0782;3.81;-10.04;99.23;34.08;93.19;0.2294;0.2277;0.001776;-6.393;-6.427;-27.505;0.97;-70.09;
2023-04-18 16:07:14.22;0.00:00:30:586;0.93;0.13;-0.35;0.2291;0.2113;0.02871;-0.07858;3.87;-10.12;99.18;34.30;93.07;0.2291;0.2272;0.001869;-6.400;-6.435;-27.284;0.96;-69.93;
2023-04-18 16:07:14.47;0.00:00:30:841;0.93;0.14;-0.35;0.2292;0.2104;0.0311;-0.08036;4.20;-10.35;99.20;35.06;92.80;0.2292;0.2274;0.001829;-6.398;-6.433;-27.378;0.96;-68.84;
2023-04-18 16:07:14.72;0.00:00:31:091;0.93;0.14;-0.35;0.229;0.2101;0.0311;-0.08033;4.21;-10.36;99.18;35.08;92.77;0.229;0.2271;0.001867;-6.402;-6.438;-27.289;0.96;-68.84;
2023-04-18 16:07:14.98;0.00:00:31:346;0.92;0.15;-0.36;0.229;0.2088;0.03421;-0.08265;4.65;-10.67;99.17;36.09;92.37;0.229;0.2271;0.001911;-6.401;-6.437;-27.187;0.96;-67.52;
2023-04-18 16:07:15.23;0.00:00:31:598;0.92;0.15;-0.36;0.2291;0.2089;0.03419;-0.08266;4.65;-10.67;99.16;36.07;92.37;0.2291;0.2272;0.001922;-6.399;-6.436;-27.162;0.96;-67.53;
2023-04-18 16:07:15.49;0.00:00:31:856;0.91;0.16;-0.37;0.2295;0.208;0.03682;-0.08455;5.02;-10.91;99.15;36.85;92.05;0.2295;0.2275;0.001941;-6.393;-6.430;-27.119;0.96;-66.46;
2023-04-18 16:07:15.74;0.00:00:32:106;0.91;0.16;-0.37;0.2296;0.2081;0.03677;-0.08461;5.01;-10.91;99.15;36.85;92.05;0.2296;0.2277;0.001956;-6.390;-6.427;-27.086;0.96;-66.51;
2023-04-18 16:07:15.99;0.00:00:32:358;0.91;0.16;-0.37;0.2296;0.2079;0.03693;-0.08479;5.04;-10.94;99.11;36.93;91.98;0.2296;0.2276;0.002033;-6.391;-6.429;-26.919;0.96;-66.46;
2023-04-18 16:07:16.24;0.00:00:32:613;0.91;0.18;-0.38;0.23;0.2067;0.04036;-0.08724;5.52;-11.25;99.11;37.94;91.56;0.23;0.2279;0.00204;-6.383;-6.422;-26.903;0.95;-65.18;
2023-04-18 16:07:16.49;0.00:00:32:862;0.91;0.18;-0.38;0.23;0.2067;0.04034;-0.08729;5.52;-11.26;99.11;37.95;91.56;0.23;0.228;0.002041;-6.382;-6.421;-26.902;0.95;-65.19;
2023-04-18 16:07:16.75;0.00:00:33:118;0.90;0.19;-0.39;0.2302;0.2055;0.04288;-0.0891;5.89;-11.50;99.09;38.71;91.22;0.2302;0.2281;0.002091;-6.380;-6.420;-26.796;0.95;-64.30;
2023-04-18 16:07:17.00;0.00:00:33:372;0.90;0.19;-0.39;0.2301;0.2055;0.04292;-0.08906;5.90;-11.49;99.09;38.70;91.22;0.2301;0.228;0.0021;-6.380;-6.420;-26.778;0.95;-64.27;
2023-04-18 16:07:17.26;0.00:00:33:626;0.90;0.20;-0.40;0.2302;0.2042;0.04532;-0.09075;6.26;-11.73;99.06;39.42;90.87;0.2302;0.228;0.002169;-6.379;-6.420;-26.637;0.95;-63.46;
2023-04-18 16:07:17.51;0.00:00:33:879;0.90;0.20;-0.40;0.2302;0.2043;0.04528;-0.0907;6.25;-11.72;99.07;39.40;90.89;0.2302;0.228;0.002152;-6.379;-6.420;-26.672;0.95;-63.47;
2023-04-18 16:07:17.76;0.00:00:34:133;0.89;0.21;-0.41;0.2302;0.2028;0.04779;-0.09247;6.63;-11.97;99.04;40.17;90.53;0.2302;0.228;0.002209;-6.380;-6.421;-26.559;0.94;-62.67;
2023-04-18 16:07:18.02;0.00:00:34:387;0.89;0.21;-0.41;0.2302;0.2028;0.04781;-0.09251;6.63;-11.97;99.05;40.19;90.53;0.2302;0.228;0.002186;-6.380;-6.421;-26.604;0.94;-62.67;
2023-04-18 16:07:18.27;0.00:00:34:640;0.89;0.21;-0.41;0.23;0.2026;0.04775;-0.09246;6.63;-11.98;99.03;40.20;90.50;0.23;0.2277;0.002241;-6.383;-6.426;-26.496;0.94;-62.68;
2023-04-18 16:07:18.53;0.00:00:34:896;0.88;0.22;-0.41;0.2302;0.2014;0.05015;-0.09419;6.99;-12.20;99.02;40.92;90.17;0.2302;0.2279;0.002259;-6.379;-6.422;-26.460;0.94;-61.97;
2023-04-18 16:07:18.78;0.00:00:35:151;0.88;0.22;-0.41;0.2302;0.2014;0.05022;-0.09421;7.00;-12.21;99.02;40.92;90.17;0.2302;0.228;0.002259;-6.379;-6.422;-26.462;0.94;-61.94;
2023-04-18 16:07:19.04;0.00:00:35:407;0.88;0.23;-0.42;0.2305;0.2002;0.05282;-0.09608;7.39;-12.45;98.99;41.68;89.79;0.2305;0.2282;0.002324;-6.372;-6.416;-26.338;0.94;-61.20;
2023-04-18 16:07:19.29;0.00:00:35:662;0.88;0.23;-0.42;0.2306;0.2002;0.05279;-0.0961;7.39;-12.45;98.98;41.67;89.79;0.2306;0.2283;0.002341;-6.371;-6.415;-26.306;0.94;-61.22;
2023-04-18 16:07:19.55;0.00:00:35:917;0.87;0.24;-0.43;0.2307;0.1987;0.05527;-0.09785;7.77;-12.69;98.94;42.41;89.40;0.2307;0.2283;0.002436;-6.369;-6.415;-26.133;0.94;-60.54;
2023-04-18 16:07:19.80;0.00:00:36:171;0.87;0.24;-0.43;0.2308;0.1987;0.05535;-0.0979;7.78;-12.69;98.96;42.43;89.41;0.2308;0.2284;0.002395;-6.368;-6.414;-26.208;0.94;-60.52;
2023-04-18 16:07:20.06;0.00:00:36:425;0.87;0.25;-0.43;0.2308;0.1975;0.05721;-0.09911;8.08;-12.87;98.90;42.95;89.09;0.2308;0.2282;0.002527;-6.369;-6.416;-25.974;0.93;-60.01;
2023-04-18 16:07:20.31;0.00:00:36:681;0.86;0.25;-0.44;0.2307;0.1968;0.05767;-0.1;8.17;-13.00;98.91;43.35;88.90;0.2307;0.2282;0.00252;-6.369;-6.417;-25.986;0.93;-60.03;
2023-04-18 16:07:20.56;0.00:00:36:932;0.86;0.25;-0.44;0.231;0.1969;0.05606;-0.1014;7.95;-13.18;98.91;43.91;88.63;0.231;0.2285;0.002512;-6.364;-6.412;-26.000;0.93;-61.07;
2023-04-18 16:07:20.82;0.00:00:37:188;0.86;0.25;-0.45;0.2311;0.1955;0.05809;-0.1031;8.27;-13.41;98.89;44.61;88.26;0.2311;0.2285;0.002565;-6.362;-6.410;-25.908;0.93;-60.60;
2023-04-18 16:07:21.07;0.00:00:37:442;0.86;0.25;-0.45;0.2311;0.1955;0.05815;-0.1031;8.28;-13.40;98.89;44.59;88.27;0.2311;0.2286;0.002564;-6.362;-6.410;-25.911;0.93;-60.57;
2023-04-18 16:07:21.33;0.00:00:37:696;0.85;0.26;-0.46;0.2312;0.1941;0.06053;-0.1045;8.66;-13.60;98.86;45.20;87.92;0.2312;0.2286;0.002639;-6.360;-6.410;-25.785;0.92;-59.92;
2023-04-18 16:07:21.58;0.00:00:37:950;0.85;0.26;-0.46;0.2314;0.1942;0.06058;-0.1046;8.66;-13.60;98.87;45.19;87.93;0.2314;0.2287;0.002619;-6.357;-6.406;-25.818;0.92;-59.91;
2023-04-18 16:07:21.84;0.00:00:38:203;0.84;0.27;-0.47;0.2314;0.1923;0.06276;-0.1065;9.04;-13.88;98.79;46.01;87.42;0.2314;0.2286;0.002805;-6.356;-6.409;-25.521;0.92;-59.48;
2023-04-18 16:07:22.09;0.00:00:38:459;0.84;0.27;-0.47;0.2316;0.1923;0.06286;-0.107;9.05;-13.94;98.83;46.20;87.37;0.2316;0.2289;0.002707;-6.353;-6.404;-25.675;0.92;-59.57;
2023-04-18 16:07:22.35;0.00:00:38:716;0.84;0.27;-0.47;0.2316;0.1923;0.06294;-0.107;9.06;-13.94;98.83;46.20;87.37;0.2316;0.2289;0.002702;-6.353;-6.404;-25.683;0.92;-59.53;
2023-04-18 16:07:22.60;0.00:00:38:964;0.83;0.28;-0.47;0.2315;0.1909;0.06466;-0.1081;9.36;-14.10;98.81;46.70;87.07;0.2315;0.2287;0.002761;-6.355;-6.407;-25.589;0.92;-59.11;
2023-04-18 16:07:22.85;0.00:00:39:218;0.83;0.28;-0.47;0.2313;0.1908;0.06458;-0.108;9.35;-14.10;98.80;46.70;87.07;0.2313;0.2286;0.002777;-6.357;-6.410;-25.564;0.92;-59.13;
2023-04-18 16:07:23.11;0.00:00:39:473;0.83;0.29;-0.48;0.2313;0.1895;0.06634;-0.1092;9.65;-14.27;98.78;47.19;86.78;0.2313;0.2285;0.00283;-6.358;-6.411;-25.482;0.91;-58.71;
2023-04-18 16:07:23.36;0.00:00:39:725;0.83;0.29;-0.48;0.2313;0.1893;0.06617;-0.1094;9.63;-14.30;98.77;47.29;86.71;0.2313;0.2285;0.002843;-6.358;-6.412;-25.462;0.91;-58.83;
2023-04-18 16:07:23.61;0.00:00:39:982;0.82;0.30;-0.48;0.2313;0.1882;0.06766;-0.1103;9.89;-14.44;98.76;47.70;86.47;0.2313;0.2284;0.002879;-6.358;-6.413;-25.408;0.91;-58.48;
2023-04-18 16:07:23.87;0.00:00:40:235;0.82;0.30;-0.48;0.2313;0.1882;0.0678;-0.1104;9.91;-14.45;98.76;47.74;86.46;0.2313;0.2285;0.00287;-6.358;-6.412;-25.422;0.91;-58.45;
2023-04-18 16:07:24.12;0.00:00:40:490;0.82;0.30;-0.49;0.2312;0.1874;0.06822;-0.1108;10.00;-14.53;98.70;47.93;86.28;0.2312;0.2282;0.003004;-6.360;-6.417;-25.223;0.91;-58.38;
2023-04-18 16:07:24.38;0.00:00:40:745;0.81;0.29;-0.50;0.2315;0.186;0.06652;-0.1149;9.84;-15.09;98.72;49.64;85.33;0.2315;0.2286;0.00296;-6.354;-6.410;-25.288;0.91;-59.94;
2023-04-18 16:07:24.62;0.00:00:40:990;0.81;0.29;-0.50;0.2315;0.186;0.0665;-0.1149;9.84;-15.09;98.72;49.64;85.33;0.2315;0.2285;0.002969;-6.355;-6.411;-25.274;0.91;-59.94;
2023-04-18 16:07:24.87;0.00:00:41:240;0.81;0.30;-0.51;0.2314;0.185;0.06771;-0.1156;10.05;-15.20;98.70;49.95;85.13;0.2314;0.2284;0.002999;-6.356;-6.413;-25.230;0.90;-59.64;
2023-04-18 16:07:25.13;0.00:00:41:495;0.81;0.30;-0.51;0.2313;0.1849;0.0676;-0.1156;10.04;-15.21;98.68;49.96;85.10;0.2313;0.2283;0.003049;-6.358;-6.416;-25.159;0.90;-59.67;
2023-04-18 16:07:25.38;0.00:00:41:746;0.81;0.30;-0.51;0.2312;0.1844;0.06796;-0.1159;10.12;-15.26;98.66;50.11;84.98;0.2312;0.2281;0.003103;-6.360;-6.419;-25.082;0.90;-59.61;
2023-04-18 16:07:25.63;0.00:00:42:000;0.80;0.31;-0.51;0.2314;0.1831;0.06991;-0.1172;10.45;-15.44;98.66;50.63;84.68;0.2314;0.2283;0.00309;-6.356;-6.414;-25.100;0.90;-59.18;
2023-04-18 16:07:25.89;0.00:00:42:254;0.80;0.31;-0.51;0.2314;0.183;0.06986;-0.1172;10.45;-15.44;98.66;50.65;84.66;0.2314;0.2283;0.003107;-6.357;-6.415;-25.076;0.90;-59.20;
2023-04-18 16:07:26.14;0.00:00:42:508;0.80;0.31;-0.52;0.2315;0.1816;0.0714;-0.1185;10.73;-15.64;98.62;51.20;84.30;0.2315;0.2283;0.003184;-6.355;-6.415;-24.970;0.90;-58.93;
2023-04-18 16:07:26.39;0.00:00:42:759;0.80;0.31;-0.52;0.2315;0.1817;0.07143;-0.1186;10.73;-15.64;98.64;51.21;84.31;0.2315;0.2284;0.003149;-6.354;-6.413;-25.018;0.90;-58.93;
2023-04-18 16:07:26.65;0.00:00:43:013;0.79;0.32;-0.52;0.2316;0.1802;0.07286;-0.1198;11.01;-15.82;98.61;51.74;83.94;0.2316;0.2283;0.003225;-6.353;-6.414;-24.915;0.89;-58.70;
2023-04-18 16:07:26.90;0.00:00:43:268;0.79;0.32;-0.52;0.2316;0.1803;0.07286;-0.1198;11.00;-15.82;98.61;51.74;83.95;0.2316;0.2284;0.003213;-6.352;-6.413;-24.930;0.89;-58.70;
2023-04-18 16:07:27.15;0.00:00:43:520;0.78;0.32;-0.53;0.2316;0.1788;0.07414;-0.121;11.26;-16.01;98.56;52.25;83.57;0.2316;0.2283;0.003337;-6.352;-6.415;-24.766;0.89;-58.51;
2023-04-18 16:07:27.41;0.00:00:43:775;0.78;0.33;-0.53;0.2317;0.1788;0.07442;-0.1212;11.30;-16.03;98.58;52.32;83.55;0.2317;0.2285;0.003285;-6.350;-6.412;-24.834;0.89;-58.46;
2023-04-18 16:07:27.66;0.00:00:44:028;0.78;0.33;-0.53;0.2318;0.1788;0.07439;-0.1213;11.30;-16.03;98.58;52.32;83.54;0.2318;0.2285;0.003299;-6.349;-6.412;-24.817;0.89;-58.47;
2023-04-18 16:07:27.92;0.00:00:44:283;0.77;0.33;-0.54;0.2318;0.1769;0.07605;-0.1229;11.63;-16.27;98.55;53.01;83.08;0.2318;0.2285;0.00337;-6.348;-6.412;-24.724;0.89;-58.25;
2023-04-18 16:07:28.17;0.00:00:44:538;0.77;0.33;-0.54;0.2318;0.1769;0.07601;-0.1229;11.62;-16.27;98.55;53.00;83.08;0.2318;0.2284;0.00336;-6.349;-6.412;-24.736;0.89;-58.25;
2023-04-18 16:07:28.42;0.00:00:44:791;0.77;0.34;-0.54;0.2318;0.1759;0.0766;-0.1238;11.77;-16.41;98.51;53.40;82.78;0.2318;0.2283;0.003455;-6.349;-6.415;-24.615;0.89;-58.25;
2023-04-18 16:07:28.68;0.00:00:45:045;0.77;0.34;-0.54;0.2318;0.176;0.07667;-0.1237;11.77;-16.40;98.53;53.38;82.81;0.2318;0.2284;0.003416;-6.349;-6.414;-24.664;0.89;-58.22;
2023-04-18 16:07:28.93;0.00:00:45:299;0.77;0.34;-0.54;0.2314;0.1748;0.07701;-0.1242;11.89;-16.51;98.48;53.66;82.57;0.2314;0.2278;0.003524;-6.357;-6.424;-24.529;0.88;-58.19;
2023-04-18 16:07:29.18;0.00:00:45:552;0.76;0.34;-0.55;0.2314;0.1739;0.07779;-0.125;12.05;-16.64;98.50;54.04;82.35;0.2314;0.2279;0.003481;-6.357;-6.423;-24.583;0.88;-58.11;
2023-04-18 16:07:29.43;0.00:00:45:802;0.76;0.34;-0.55;0.2312;0.1738;0.07772;-0.125;12.05;-16.64;98.49;54.05;82.34;0.2312;0.2278;0.003485;-6.359;-6.425;-24.578;0.88;-58.12;
2023-04-18 16:07:29.69;0.00:00:46:056;0.75;0.35;-0.56;0.2315;0.1717;0.0794;-0.1272;12.41;-16.95;98.48;54.94;81.73;0.2315;0.228;0.003526;-6.354;-6.421;-24.527;0.88;-58.02;
2023-04-18 16:07:29.94;0.00:00:46:310;0.75;0.35;-0.56;0.2315;0.1717;0.07932;-0.1272;12.40;-16.96;98.45;54.94;81.69;0.2315;0.2279;0.00359;-6.354;-6.422;-24.450;0.88;-58.05;
2023-04-18 16:07:30.20;0.00:00:46:563;0.75;0.35;-0.56;0.2319;0.1711;0.07983;-0.1283;12.51;-17.09;98.44;55.32;81.43;0.2319;0.2282;0.003617;-6.348;-6.416;-24.417;0.87;-58.10;
2023-04-18 16:07:30.45;0.00:00:46:816;0.75;0.35;-0.56;0.2319;0.171;0.07992;-0.1283;12.52;-17.10;98.44;55.34;81.41;0.2319;0.2283;0.003621;-6.347;-6.415;-24.412;0.87;-58.09;
2023-04-18 16:07:30.71;0.00:00:47:073;0.75;0.35;-0.57;0.2318;0.1701;0.08015;-0.129;12.62;-17.23;98.37;55.65;81.12;0.2318;0.228;0.003771;-6.349;-6.420;-24.235;0.87;-58.14;
2023-04-18 16:07:30.96;0.00:00:47:326;0.74;0.35;-0.57;0.2321;0.1691;0.08108;-0.1304;12.81;-17.41;98.40;56.19;80.79;0.2321;0.2284;0.003705;-6.343;-6.413;-24.312;0.87;-58.13;
2023-04-18 16:07:31.21;0.00:00:47:579;0.74;0.36;-0.57;0.2321;0.1691;0.08111;-0.1304;12.81;-17.41;98.40;56.17;80.79;0.2321;0.2284;0.003715;-6.343;-6.413;-24.301;0.87;-58.12;
2023-04-18 16:07:31.47;0.00:00:47:835;0.73;0.36;-0.58;0.2322;0.1678;0.08192;-0.1315;13.01;-17.58;98.39;56.65;80.45;0.2322;0.2284;0.003729;-6.342;-6.412;-24.284;0.87;-58.09;
2023-04-18 16:07:31.72;0.00:00:48:090;0.73;0.36;-0.58;0.2323;0.168;0.08182;-0.1316;12.99;-17.58;98.38;56.65;80.44;0.2323;0.2285;0.003753;-6.340;-6.411;-24.256;0.87;-58.13;
2023-04-18 16:07:31.98;0.00:00:48:345;0.72;0.36;-0.59;0.2325;0.1656;0.08289;-0.1341;13.30;-17.95;98.33;57.67;79.65;0.2325;0.2286;0.003873;-6.336;-6.409;-24.119;0.86;-58.28;
2023-04-18 16:07:32.23;0.00:00:48:601;0.72;0.36;-0.59;0.2325;0.1655;0.0829;-0.1341;13.30;-17.96;98.34;57.70;79.63;0.2325;0.2286;0.003862;-6.336;-6.409;-24.132;0.86;-58.28;
2023-04-18 16:07:32.49;0.00:00:48:854;0.72;0.36;-0.59;0.2325;0.1656;0.08281;-0.1341;13.29;-17.96;98.33;57.70;79.63;0.2325;0.2286;0.003872;-6.336;-6.409;-24.120;0.86;-58.31;
2023-04-18 16:07:32.74;0.00:00:49:110;0.72;0.36;-0.59;0.2324;0.1645;0.08324;-0.135;13.42;-18.10;98.32;58.07;79.33;0.2324;0.2285;0.003909;-6.338;-6.411;-24.079;0.86;-58.34;
2023-04-18 16:07:33.00;0.00:00:49:363;0.72;0.36;-0.59;0.2324;0.1645;0.0832;-0.135;13.42;-18.11;98.31;58.08;79.32;0.2324;0.2285;0.003924;-6.338;-6.412;-24.063;0.86;-58.35;
2023-04-18 16:07:33.25;0.00:00:49:618;0.71;0.37;-0.60;0.2326;0.1625;0.08412;-0.137;13.68;-18.41;98.28;58.90;78.67;0.2326;0.2286;0.00401;-6.334;-6.410;-23.969;0.86;-58.45;
2023-04-18 16:07:33.50;0.00:00:49:871;0.71;0.37;-0.60;0.2327;0.1626;0.08421;-0.137;13.69;-18.40;98.28;58.88;78.69;0.2327;0.2287;0.003992;-6.333;-6.408;-23.988;0.86;-58.42;
2023-04-18 16:07:33.76;0.00:00:50:125;0.70;0.37;-0.61;0.2327;0.1606;0.08487;-0.1389;13.93;-18.71;98.24;59.68;78.03;0.2327;0.2286;0.004097;-6.331;-6.408;-23.875;0.85;-58.58;
2023-04-18 16:07:34.01;0.00:00:50:381;0.70;0.37;-0.61;0.2327;0.1607;0.08371;-0.1393;13.76;-18.77;98.23;59.86;77.89;0.2327;0.2285;0.004116;-6.333;-6.410;-23.855;0.85;-58.99;
2023-04-18 16:07:34.27;0.00:00:50:636;0.70;0.37;-0.61;0.2324;0.1594;0.08379;-0.1401;13.86;-18.94;98.19;60.28;77.50;0.2324;0.2282;0.004214;-6.338;-6.417;-23.753;0.85;-59.12;
2023-04-18 16:07:34.52;0.00:00:50:891;0.70;0.37;-0.62;0.2325;0.1591;0.08414;-0.1406;13.94;-19.00;98.23;60.47;77.40;0.2325;0.2284;0.004127;-6.335;-6.413;-23.844;0.85;-59.10;
2023-04-18 16:07:34.78;0.00:00:51:146;0.70;0.37;-0.62;0.2326;0.1591;0.08414;-0.1406;13.94;-19.00;98.21;60.47;77.39;0.2326;0.2284;0.004151;-6.335;-6.413;-23.818;0.85;-59.11;
2023-04-18 16:07:35.03;0.00:00:51:401;0.69;0.37;-0.63;0.2327;0.1566;0.08499;-0.1429;14.24;-19.37;98.15;61.42;76.56;0.2327;0.2284;0.0043;-6.331;-6.412;-23.665;0.84;-59.26;
2023-04-18 16:07:35.29;0.00:00:51:655;0.69;0.37;-0.63;0.2329;0.1568;0.08512;-0.143;14.25;-19.36;98.16;61.40;76.58;0.2329;0.2286;0.004291;-6.328;-6.409;-23.674;0.84;-59.24;
2023-04-18 16:07:35.54;0.00:00:51:910;0.68;0.37;-0.63;0.2331;0.1551;0.08569;-0.1447;14.46;-19.62;98.13;62.06;76.02;0.2331;0.2288;0.004348;-6.324;-6.406;-23.617;0.84;-59.36;
2023-04-18 16:07:35.80;0.00:00:52:165;0.68;0.37;-0.63;0.2331;0.1551;0.08565;-0.1447;14.46;-19.62;98.13;62.07;76.01;0.2331;0.2287;0.004358;-6.325;-6.407;-23.607;0.84;-59.37;
2023-04-18 16:07:36.05;0.00:00:52:417;0.67;0.37;-0.64;0.2329;0.1541;0.08556;-0.1451;14.52;-19.73;98.06;62.33;75.70;0.2329;0.2284;0.004511;-6.329;-6.414;-23.458;0.84;-59.48;
2023-04-18 16:07:36.30;0.00:00:52:670;0.67;0.38;-0.64;0.233;0.1525;0.08622;-0.1467;14.74;-19.97;98.08;62.96;75.20;0.233;0.2285;0.004477;-6.326;-6.411;-23.490;0.83;-59.56;
2023-04-18 16:07:36.55;0.00:00:52:915;0.67;0.38;-0.64;0.2329;0.1525;0.08618;-0.1466;14.74;-19.97;98.07;62.95;75.20;0.2329;0.2284;0.00449;-6.328;-6.413;-23.478;0.83;-59.55;
2023-04-18 16:07:36.81;0.00:00:53:174;0.66;0.38;-0.65;0.233;0.1501;0.08685;-0.1488;15.03;-20.31;98.04;63.84;74.41;0.233;0.2285;0.004557;-6.326;-6.412;-23.413;0.83;-59.73;
2023-04-18 16:07:37.06;0.00:00:53:429;0.66;0.38;-0.65;0.2329;0.15;0.0868;-0.1487;15.03;-20.32;98.04;63.85;74.39;0.2329;0.2283;0.004576;-6.328;-6.414;-23.396;0.83;-59.73;
2023-04-18 16:07:37.31;0.00:00:53:683;0.64;0.38;-0.66;0.233;0.1472;0.08759;-0.1509;15.38;-20.69;97.98;64.78;73.51;0.233;0.2283;0.004702;-6.326;-6.415;-23.277;0.82;-59.87;
2023-04-18 16:07:37.57;0.00:00:53:937;0.64;0.38;-0.66;0.2331;0.1473;0.08762;-0.151;15.37;-20.69;97.99;64.77;73.53;0.2331;0.2284;0.004682;-6.325;-6.413;-23.296;0.82;-59.87;
2023-04-18 16:07:37.82;0.00:00:54:191;0.64;0.38;-0.67;0.233;0.1452;0.0878;-0.1524;15.58;-20.96;97.89;65.40;72.84;0.233;0.2281;0.004912;-6.327;-6.420;-23.087;0.82;-60.05;
2023-04-18 16:07:38.10;0.00:00:54:468;0.63;0.39;-0.67;0.2334;0.1446;0.08841;-0.1534;15.72;-21.07;97.94;65.72;72.63;0.2334;0.2286;0.004799;-6.319;-6.409;-23.189;0.82;-60.04;
2023-04-18 16:07:38.35;0.00:00:54:714;0.63;0.39;-0.67;0.2332;0.1442;0.08828;-0.1535;15.74;-21.12;97.90;65.81;72.48;0.2332;0.2283;0.004895;-6.322;-6.414;-23.102;0.82;-60.10;
2023-04-18 16:07:38.60;0.00:00:54:968;0.63;0.39;-0.68;0.2335;0.1431;0.08899;-0.1544;15.94;-21.25;97.90;66.15;72.18;0.2335;0.2286;0.004895;-6.318;-6.410;-23.102;0.81;-60.05;
2023-04-18 16:07:38.85;0.00:00:55:222;0.63;0.39;-0.68;0.2334;0.143;0.08896;-0.1545;15.94;-21.26;97.90;66.16;72.16;0.2334;0.2285;0.004906;-6.318;-6.411;-23.092;0.81;-60.06;
2023-04-18 16:07:39.10;0.00:00:55:467;0.61;0.39;-0.69;0.2336;0.1398;0.08981;-0.157;16.36;-21.69;97.85;67.21;71.11;0.2336;0.2286;0.005034;-6.314;-6.409;-22.981;0.81;-60.23;
2023-04-18 16:07:39.35;0.00:00:55:718;0.61;0.39;-0.69;0.2337;0.1398;0.08968;-0.1571;16.34;-21.71;97.84;67.24;71.08;0.2337;0.2286;0.005038;-6.314;-6.409;-22.977;0.81;-60.28;
2023-04-18 16:07:39.60;0.00:00:55:972;0.60;0.39;-0.70;0.2334;0.137;0.09002;-0.1587;16.65;-22.04;97.75;68.00;70.23;0.2334;0.2282;0.005241;-6.318;-6.417;-22.806;0.80;-60.44;
2023-04-18 16:07:39.86;0.00:00:56:227;0.60;0.40;-0.70;0.2338;0.1364;0.09038;-0.1596;16.76;-22.15;97.77;68.28;69.98;0.2338;0.2286;0.005208;-6.311;-6.409;-22.833;0.80;-60.49;
2023-04-18 16:07:40.12;0.00:00:56:486;0.60;0.40;-0.70;0.2337;0.1359;0.09032;-0.1597;16.80;-22.19;97.74;68.37;69.85;0.2337;0.2284;0.005282;-6.314;-6.414;-22.772;0.80;-60.52;
2023-04-18 16:07:40.37;0.00:00:56:738;0.58;0.40;-0.71;0.2338;0.1334;0.0911;-0.1617;17.17;-22.51;97.72;69.13;69.06;0.2338;0.2285;0.005341;-6.311;-6.411;-22.724;0.79;-60.60;
2023-04-18 16:07:40.63;0.00:00:56:994;0.58;0.40;-0.71;0.2337;0.1333;0.09111;-0.1616;17.18;-22.52;97.73;69.14;69.07;0.2337;0.2284;0.005309;-6.313;-6.413;-22.750;0.79;-60.59;
2023-04-18 16:07:40.88;0.00:00:57:250;0.57;0.40;-0.72;0.2337;0.1302;0.0919;-0.1635;17.61;-22.87;97.68;69.95;68.18;0.2337;0.2283;0.005418;-6.313;-6.415;-22.662;0.79;-60.66;
2023-04-18 16:07:41.14;0.00:00:57:506;0.57;0.40;-0.72;0.2336;0.1301;0.09177;-0.1634;17.60;-22.87;97.66;69.95;68.15;0.2336;0.2282;0.005467;-6.315;-6.417;-22.622;0.79;-60.68;
2023-04-18 16:07:41.39;0.00:00:57:762;0.55;0.41;-0.73;0.2338;0.1261;0.09267;-0.166;18.16;-23.35;97.59;71.03;66.93;0.2338;0.2281;0.005626;-6.312;-6.418;-22.498;0.78;-60.83;
2023-04-18 16:07:41.65;0.00:00:58:018;0.55;0.41;-0.73;0.2338;0.1261;0.09263;-0.1661;18.15;-23.36;97.59;71.05;66.91;0.2338;0.2282;0.00563;-6.311;-6.417;-22.495;0.78;-60.86;
2023-04-18 16:07:41.91;0.00:00:58:274;0.55;0.41;-0.73;0.234;0.1262;0.09273;-0.1662;18.16;-23.36;97.60;71.04;66.92;0.234;0.2284;0.005616;-6.308;-6.414;-22.506;0.78;-60.85;
2023-04-18 16:07:42.16;0.00:00:58:529;0.54;0.41;-0.74;0.2342;0.1229;0.09339;-0.1683;18.61;-23.74;97.54;71.89;65.92;0.2342;0.2284;0.005757;-6.305;-6.413;-22.398;0.77;-60.98;
2023-04-18 16:07:42.41;0.00:00:58:782;0.54;0.41;-0.74;0.2342;0.1229;0.09338;-0.1684;18.62;-23.74;97.53;71.89;65.91;0.2342;0.2284;0.005781;-6.305;-6.413;-22.380;0.77;-60.98;
2023-04-18 16:07:42.67;0.00:00:59:037;0.52;0.41;-0.75;0.2345;0.1199;0.09409;-0.1703;19.06;-24.08;97.47;72.62;65.02;0.2345;0.2285;0.005922;-6.299;-6.410;-22.275;0.76;-61.08;
2023-04-18 16:07:42.92;0.00:00:59:289;0.52;0.40;-0.75;0.2344;0.1198;0.09246;-0.1712;18.83;-24.26;97.47;73.02;64.55;0.2344;0.2285;0.005938;-6.300;-6.411;-22.263;0.76;-61.63;
2023-04-18 16:07:43.17;0.00:00:59:543;0.52;0.40;-0.75;0.2345;0.1199;0.09244;-0.1712;18.82;-24.26;97.46;73.01;64.55;0.2345;0.2285;0.005959;-6.299;-6.411;-22.249;0.76;-61.63;
2023-04-18 16:07:43.43;0.00:00:59:796;0.50;0.41;-0.76;0.2347;0.1148;0.09372;-0.174;19.62;-24.79;97.38;74.13;63.14;0.2347;0.2285;0.006154;-6.296;-6.411;-22.109;0.75;-61.69;
2023-04-18 16:07:43.68;0.00:01:00:047;0.50;0.41;-0.76;0.2347;0.1148;0.09383;-0.174;19.63;-24.78;97.39;74.12;63.16;0.2347;0.2286;0.006137;-6.294;-6.410;-22.120;0.75;-61.66;
2023-04-18 16:07:43.95;0.00:01:00:315;0.48;0.41;-0.77;0.2349;0.1104;0.09475;-0.1763;20.31;-25.23;97.31;75.04;61.94;0.2349;0.2286;0.006326;-6.291;-6.409;-21.988;0.74;-61.74;
2023-04-18 16:07:44.20;0.00:01:00:564;0.48;0.41;-0.77;0.2348;0.1103;0.0948;-0.1762;20.34;-25.23;97.30;75.04;61.93;0.2348;0.2285;0.006349;-6.292;-6.411;-21.973;0.74;-61.72;
2023-04-18 16:07:44.45;0.00:01:00:818;0.47;0.42;-0.78;0.2345;0.1063;0.09511;-0.1778;20.91;-25.63;97.18;75.80;60.81;0.2345;0.2279;0.006614;-6.298;-6.422;-21.796;0.73;-61.85;
2023-04-18 16:07:44.70;0.00:01:01:067;0.46;0.42;-0.78;0.2349;0.1051;0.09589;-0.1787;21.19;-25.74;97.23;76.07;60.55;0.2349;0.2284;0.006508;-6.290;-6.412;-21.865;0.73;-61.79;
2023-04-18 16:07:44.95;0.00:01:01:318;0.46;0.42;-0.78;0.2348;0.1045;0.09577;-0.1788;21.25;-25.80;97.18;76.15;60.37;0.2348;0.2282;0.006623;-6.293;-6.417;-21.790;0.73;-61.83;
2023-04-18 16:07:45.21;0.00:01:01:573;0.45;0.42;-0.79;0.2351;0.1019;0.09647;-0.1802;21.71;-26.04;97.15;76.65;59.70;0.2351;0.2284;0.006693;-6.288;-6.413;-21.744;0.72;-61.83;
2023-04-18 16:07:45.46;0.00:01:01:827;0.45;0.42;-0.79;0.2351;0.102;0.09659;-0.1802;21.73;-26.04;97.17;76.65;59.73;0.2351;0.2285;0.006651;-6.287;-6.411;-21.771;0.72;-61.81;
2023-04-18 16:07:45.71;0.00:01:02:076;0.43;0.43;-0.80;0.2353;0.0973;0.09746;-0.1821;22.52;-26.45;97.05;77.42;58.54;0.2353;0.2283;0.00693;-6.284;-6.414;-21.593;0.71;-61.85;
2023-04-18 16:07:45.96;0.00:01:02:323;0.43;0.43;-0.80;0.2352;0.09724;0.09754;-0.1822;22.54;-26.46;97.09;77.45;58.55;0.2352;0.2284;0.006854;-6.285;-6.413;-21.640;0.71;-61.84;
2023-04-18 16:07:46.21;0.00:01:02:580;0.41;0.43;-0.81;0.2355;0.09275;0.09859;-0.1841;23.37;-26.84;97.03;78.17;57.48;0.2355;0.2285;0.007002;-6.280;-6.411;-21.548;0.70;-61.83;
2023-04-18 16:07:46.46;0.00:01:02:828;0.41;0.43;-0.81;0.2355;0.09266;0.09863;-0.184;23.39;-26.84;97.02;78.17;57.48;0.2355;0.2284;0.007011;-6.281;-6.412;-21.542;0.70;-61.81;
2023-04-18 16:07:46.71;0.00:01:03:079;0.41;0.43;-0.81;0.2355;0.09252;0.09854;-0.1841;23.40;-26.86;97.00;78.19;57.41;0.2355;0.2284;0.007055;-6.281;-6.413;-21.515;0.70;-61.84;
2023-04-18 16:07:46.96;0.00:01:03:332;0.38;0.44;-0.81;0.2356;0.08751;0.09962;-0.1859;24.35;-27.25;96.93;78.91;56.28;0.2356;0.2284;0.007245;-6.278;-6.414;-21.400;0.69;-61.82;
2023-04-18 16:07:47.22;0.00:01:03:583;0.38;0.44;-0.81;0.2357;0.08762;0.09965;-0.1859;24.34;-27.24;96.92;78.90;56.30;0.2357;0.2284;0.007254;-6.277;-6.412;-21.394;0.69;-61.81;
2023-04-18 16:07:47.47;0.00:01:03:838;0.36;0.44;-0.82;0.2359;0.08286;0.1008;-0.1875;25.28;-27.59;96.85;79.50;55.30;0.2359;0.2284;0.007441;-6.273;-6.412;-21.284;0.68;-61.75;
2023-04-18 16:07:47.72;0.00:01:04:088;0.36;0.44;-0.82;0.2359;0.08285;0.1007;-0.1875;25.27;-27.60;96.84;79.51;55.28;0.2359;0.2284;0.007452;-6.274;-6.413;-21.277;0.68;-61.77;
2023-04-18 16:07:47.97;0.00:01:04:340;0.34;0.45;-0.83;0.2359;0.07859;0.1018;-0.1886;26.16;-27.86;96.79;79.98;54.51;0.2359;0.2283;0.00757;-6.273;-6.415;-21.209;0.67;-61.66;
2023-04-18 16:07:48.23;0.00:01:04:595;0.34;0.45;-0.83;0.2357;0.07842;0.1017;-0.1886;26.19;-27.87;96.79;80.00;54.49;0.2357;0.2282;0.007558;-6.276;-6.417;-21.216;0.67;-61.66;
2023-04-18 16:07:48.48;0.00:01:04:845;0.34;0.45;-0.83;0.2357;0.07839;0.1017;-0.1885;26.18;-27.87;96.78;80.00;54.47;0.2357;0.2281;0.007584;-6.277;-6.419;-21.201;0.67;-61.67;
2023-04-18 16:07:48.73;0.00:01:05:099;0.31;0.45;-0.83;0.2358;0.07168;0.1032;-0.1902;27.61;-28.27;96.68;80.66;53.30;0.2358;0.228;0.007829;-6.274;-6.421;-21.063;0.66;-61.51;
2023-04-18 16:07:48.98;0.00:01:05:352;0.31;0.45;-0.83;0.2357;0.07165;0.1032;-0.1901;27.62;-28.27;96.68;80.66;53.31;0.2357;0.2279;0.007825;-6.276;-6.423;-21.065;0.66;-61.50;
2023-04-18 16:07:49.24;0.00:01:05:604;0.29;0.46;-0.84;0.2359;0.06532;0.1049;-0.1915;29.04;-28.58;96.59;81.16;52.37;0.2359;0.2279;0.008057;-6.272;-6.423;-20.938;0.64;-61.29;
2023-04-18 16:07:49.49;0.00:01:05:859;0.29;0.46;-0.84;0.2357;0.06512;0.1047;-0.1914;29.07;-28.60;96.58;81.18;52.32;0.2357;0.2277;0.008061;-6.276;-6.427;-20.936;0.64;-61.31;
2023-04-18 16:07:49.74;0.00:01:06:112;0.25;0.47;-0.85;0.2358;0.05652;0.1068;-0.1927;31.05;-28.96;96.46;81.73;51.23;0.2358;0.2274;0.00835;-6.275;-6.432;-20.783;0.62;-61.01;
2023-04-18 16:07:50.00;0.00:01:06:363;0.25;0.47;-0.85;0.2359;0.05651;0.1069;-0.1928;31.07;-28.95;96.46;81.72;51.25;0.2359;0.2276;0.008363;-6.272;-6.429;-20.776;0.62;-61.00;
2023-04-18 16:07:50.25;0.00:01:06:614;0.24;0.47;-0.85;0.2358;0.0538;0.1074;-0.193;31.70;-29.05;96.40;81.85;50.94;0.2358;0.2273;0.008478;-6.275;-6.434;-20.717;0.62;-60.91;
2023-04-18 16:07:50.50;0.00:01:06:870;0.23;0.48;-0.85;0.236;0.0522;0.1081;-0.1933;32.11;-29.08;96.43;81.92;50.88;0.236;0.2275;0.008417;-6.272;-6.430;-20.749;0.61;-60.78;
2023-04-18 16:07:50.75;0.00:01:07:118;0.23;0.47;-0.85;0.2361;0.05234;0.1081;-0.1933;32.08;-29.08;96.41;81.90;50.86;0.2361;0.2276;0.008471;-6.270;-6.429;-20.721;0.61;-60.80;
2023-04-18 16:07:51.01;0.00:01:07:374;0.21;0.48;-0.85;0.2362;0.04679;0.1095;-0.194;33.43;-29.23;96.37;82.14;50.41;0.2362;0.2276;0.008563;-6.267;-6.428;-20.674;0.60;-60.56;
2023-04-18 16:07:51.26;0.00:01:07:623;0.21;0.48;-0.85;0.2361;0.04669;0.1094;-0.1939;33.44;-29.24;96.36;82.14;50.37;0.2361;0.2275;0.008605;-6.269;-6.430;-20.652;0.60;-60.58;
2023-04-18 16:07:51.51;0.00:01:07:877;0.17;0.49;-0.86;0.2365;0.03815;0.1116;-0.1946;35.56;-29.40;96.22;82.30;49.85;0.2365;0.2276;0.008942;-6.262;-6.429;-20.486;0.58;-60.18;
2023-04-18 16:07:51.76;0.00:01:08:131;0.17;0.49;-0.86;0.2364;0.03807;0.1117;-0.1946;35.59;-29.38;96.27;82.32;49.91;0.2364;0.2276;0.008824;-6.263;-6.428;-20.543;0.58;-60.15;
2023-04-18 16:07:52.01;0.00:01:08:383;0.17;0.49;-0.86;0.2364;0.038;0.1115;-0.1946;35.59;-29.40;96.23;82.31;49.85;0.2364;0.2275;0.00891;-6.264;-6.431;-20.501;0.58;-60.18;
2023-04-18 16:07:52.27;0.00:01:08:641;0.15;0.49;-0.86;0.2365;0.0346;0.1124;-0.1947;36.45;-29.43;96.19;82.33;49.74;0.2365;0.2275;0.009022;-6.262;-6.431;-20.447;0.58;-60.00;
2023-04-18 16:07:52.52;0.00:01:08:886;0.15;0.49;-0.86;0.2365;0.03456;0.1124;-0.1947;36.45;-29.44;96.19;82.34;49.72;0.2365;0.2275;0.009014;-6.262;-6.431;-20.451;0.58;-60.01;
2023-04-18 16:07:52.77;0.00:01:09:142;0.11;0.51;-0.86;0.2369;0.02455;0.1149;-0.1948;38.97;-29.45;96.03;82.24;49.59;0.2369;0.2275;0.009395;-6.255;-6.430;-20.271;0.55;-59.47;
2023-04-18 16:07:53.03;0.00:01:09:393;0.10;0.50;-0.86;0.2368;0.02196;0.1143;-0.1954;39.56;-29.61;96.05;82.52;49.15;0.2368;0.2274;0.009365;-6.256;-6.431;-20.285;0.55;-59.68;
2023-04-18 16:07:53.28;0.00:01:09:647;0.06;0.51;-0.86;0.2372;0.01447;0.1163;-0.1951;41.45;-29.50;95.95;82.25;49.42;0.2372;0.2276;0.009593;-6.250;-6.429;-20.180;0.53;-59.19;
2023-04-18 16:07:53.53;0.00:01:09:899;0.06;0.51;-0.86;0.2372;0.01441;0.1162;-0.1951;41.47;-29.51;95.94;82.25;49.38;0.2372;0.2275;0.00963;-6.250;-6.430;-20.164;0.53;-59.21;
2023-04-18 16:07:53.78;0.00:01:10:153;0.06;0.51;-0.86;0.2371;0.01374;0.1164;-0.195;41.63;-29.50;95.93;82.23;49.41;0.2371;0.2275;0.009641;-6.250;-6.430;-20.159;0.53;-59.18;
2023-04-18 16:07:54.04;0.00:01:10:409;0.04;0.52;-0.85;0.2373;0.007981;0.118;-0.1944;43.07;-29.34;95.89;81.92;49.84;0.2373;0.2275;0.009758;-6.248;-6.430;-20.107;0.52;-58.74;
2023-04-18 16:07:54.30;0.00:01:10:668;0.03;0.52;-0.85;0.2371;0.007881;0.1178;-0.1943;43.09;-29.35;95.89;81.94;49.81;0.2371;0.2274;0.00975;-6.250;-6.432;-20.110;0.52;-58.76;
2023-04-18 16:07:54.55;0.00:01:10:916;0.01;0.52;-0.85;0.2374;0.003026;0.1191;-0.1937;44.27;-29.21;95.80;81.60;50.18;0.2374;0.2274;0.009976;-6.246;-6.432;-20.010;0.51;-58.42;
2023-04-18 16:07:54.80;0.00:01:11:165;0.01;0.52;-0.85;0.2373;0.002981;0.1191;-0.1937;44.28;-29.20;95.83;81.62;50.21;0.2373;0.2274;0.009889;-6.247;-6.432;-20.049;0.51;-58.41;
2023-04-18 16:07:55.05;0.00:01:11:419;-0.02;0.53;-0.85;0.2374;-0.005136;0.1211;-0.1924;46.21;-28.89;95.77;81.02;51.07;0.2374;0.2274;0.01004;-6.245;-6.432;-19.983;0.49;-57.80;
2023-04-18 16:07:55.30;0.00:01:11:667;-0.02;0.53;-0.85;0.2374;-0.00506;0.1211;-0.1924;46.20;-28.89;95.76;81.01;51.05;0.2374;0.2274;0.01008;-6.245;-6.433;-19.967;0.49;-57.80;
2023-04-18 16:07:55.55;0.00:01:11:919;-0.05;0.54;-0.84;0.2376;-0.01204;0.1228;-0.1909;47.80;-28.57;95.67;80.36;51.93;0.2376;0.2273;0.01027;-6.242;-6.434;-19.882;0.47;-57.26;
2023-04-18 16:07:55.80;0.00:01:12:170;-0.06;0.54;-0.84;0.2376;-0.01303;0.1231;-0.1907;48.02;-28.50;95.69;80.26;52.10;0.2376;0.2273;0.01024;-6.242;-6.434;-19.898;0.47;-57.16;
2023-04-18 16:07:56.07;0.00:01:12:436;-0.06;0.54;-0.84;0.2375;-0.01306;0.123;-0.1906;48.03;-28.51;95.68;80.26;52.08;0.2375;0.2272;0.01026;-6.244;-6.436;-19.887;0.47;-57.17;
2023-04-18 16:07:56.32;0.00:01:12:690;-0.09;0.55;-0.83;0.2377;-0.02076;0.1249;-0.1887;49.72;-28.07;95.60;79.39;53.26;0.2377;0.2273;0.01046;-6.239;-6.434;-19.806;0.45;-56.50;
2023-04-18 16:07:56.57;0.00:01:12:941;-0.09;0.55;-0.83;0.2377;-0.02069;0.1249;-0.1887;49.70;-28.07;95.60;79.39;53.25;0.2377;0.2273;0.01046;-6.239;-6.435;-19.803;0.45;-56.51;
2023-04-18 16:07:56.83;0.00:01:13:195;-0.12;0.56;-0.82;0.2378;-0.02624;0.1262;-0.1872;50.87;-27.72;95.57;78.71;54.20;0.2378;0.2273;0.01054;-6.238;-6.435;-19.773;0.44;-56.01;
2023-04-18 16:07:57.08;0.00:01:13:449;-0.12;0.56;-0.82;0.2377;-0.02628;0.1262;-0.1871;50.88;-27.72;95.57;78.71;54.22;0.2377;0.2272;0.01052;-6.239;-6.436;-19.780;0.44;-56.01;
2023-04-18 16:07:57.33;0.00:01:13:699;-0.14;0.56;-0.81;0.2379;-0.03286;0.1275;-0.185;52.23;-27.28;95.44;77.75;55.35;0.2379;0.2271;0.01086;-6.235;-6.438;-19.642;0.43;-55.42;
2023-04-18 16:07:57.58;0.00:01:13:951;-0.15;0.56;-0.81;0.238;-0.03371;0.1281;-0.1847;52.37;-27.18;95.52;77.63;55.66;0.238;0.2273;0.01065;-6.235;-6.434;-19.726;0.43;-55.27;
2023-04-18 16:07:57.83;0.00:01:14:202;-0.16;0.57;-0.81;0.238;-0.03739;0.1289;-0.1835;53.09;-26.91;95.51;77.09;56.38;0.238;0.2273;0.0107;-6.234;-6.433;-19.708;0.42;-54.92;
2023-04-18 16:07:58.09;0.00:01:14:455;-0.17;0.57;-0.80;0.2382;-0.03968;0.1295;-0.1827;53.52;-26.72;95.47;76.69;56.86;0.2382;0.2274;0.01078;-6.231;-6.432;-19.672;0.41;-54.67;
2023-04-18 16:07:58.34;0.00:01:14:704;-0.17;0.57;-0.80;0.2382;-0.0396;0.1296;-0.1827;53.50;-26.72;95.48;76.69;56.88;0.2382;0.2274;0.01077;-6.230;-6.431;-19.678;0.41;-54.65;
2023-04-18 16:07:58.59;0.00:01:14:960;-0.21;0.58;-0.79;0.2384;-0.04688;0.1313;-0.1798;54.82;-26.10;95.44;75.42;58.49;0.2384;0.2276;0.01086;-6.227;-6.429;-19.641;0.40;-53.85;
2023-04-18 16:07:58.84;0.00:01:15:213;-0.21;0.58;-0.79;0.2383;-0.04697;0.1313;-0.1797;54.84;-26.09;95.46;75.41;58.53;0.2383;0.2275;0.01082;-6.229;-6.430;-19.657;0.40;-53.84;
2023-04-18 16:07:59.10;0.00:01:15:468;-0.24;0.59;-0.77;0.2386;-0.05527;0.1331;-0.1761;56.27;-25.35;95.36;73.79;60.41;0.2386;0.2275;0.01106;-6.223;-6.429;-19.563;0.38;-52.91;
2023-04-18 16:07:59.35;0.00:01:15:721;-0.24;0.59;-0.77;0.2387;-0.05511;0.1333;-0.1762;56.23;-25.35;95.39;73.82;60.42;0.2387;0.2277;0.01099;-6.222;-6.427;-19.589;0.38;-52.90;
2023-04-18 16:07:59.61;0.00:01:15:973;-0.25;0.59;-0.77;0.2386;-0.05601;0.1335;-0.1758;56.38;-25.27;95.43;73.67;60.66;0.2386;0.2277;0.01091;-6.223;-6.426;-19.623;0.38;-52.79;
2023-04-18 16:07:59.86;0.00:01:16:227;-0.27;0.59;-0.76;0.2389;-0.06173;0.1349;-0.1729;57.30;-24.69;95.34;72.36;62.08;0.2389;0.2278;0.01113;-6.218;-6.425;-19.535;0.36;-52.04;
2023-04-18 16:08:00.11;0.00:01:16:479;-0.27;0.59;-0.76;0.2389;-0.06171;0.1349;-0.1729;57.29;-24.69;95.35;72.37;62.08;0.2389;0.2278;0.01111;-6.217;-6.424;-19.544;0.36;-52.04;
2023-04-18 16:08:00.37;0.00:01:16:735;-0.31;0.60;-0.74;0.2391;-0.06974;0.1367;-0.1685;58.51;-23.84;95.32;70.47;64.19;0.2391;0.2279;0.01119;-6.214;-6.422;-19.511;0.35;-50.94;
2023-04-18 16:08:00.62;0.00:01:16:986;-0.31;0.60;-0.74;0.2391;-0.06975;0.1367;-0.1685;58.51;-23.83;95.32;70.46;64.20;0.2391;0.2279;0.01118;-6.214;-6.422;-19.515;0.35;-50.94;
2023-04-18 16:08:00.87;0.00:01:17:240;-0.34;0.61;-0.72;0.2392;-0.07724;0.1383;-0.1641;59.60;-23.00;95.32;68.58;66.20;0.2392;0.228;0.0112;-6.212;-6.420;-19.506;0.33;-49.88;
2023-04-18 16:08:01.12;0.00:01:17:492;-0.34;0.61;-0.72;0.2393;-0.07715;0.1384;-0.164;59.57;-23.00;95.31;68.55;66.22;0.2393;0.228;0.01122;-6.211;-6.420;-19.500;0.33;-49.85;
2023-04-18 16:08:01.38;0.00:01:17:745;-0.36;0.61;-0.70;0.2394;-0.08283;0.1397;-0.1603;60.33;-22.31;95.34;66.96;67.86;0.2394;0.2282;0.01116;-6.209;-6.417;-19.523;0.32;-48.92;
2023-04-18 16:08:01.63;0.00:01:17:999;-0.37;0.61;-0.70;0.2393;-0.08446;0.1399;-0.1591;60.56;-22.12;95.29;66.47;68.28;0.2393;0.2281;0.01126;-6.210;-6.419;-19.483;0.31;-48.67;
2023-04-18 16:08:01.88;0.00:01:18:252;-0.37;0.61;-0.70;0.2393;-0.08447;0.1398;-0.1591;60.57;-22.12;95.29;66.49;68.26;0.2393;0.228;0.01127;-6.211;-6.420;-19.481;0.31;-48.69;
2023-04-18 16:08:02.14;0.00:01:18:507;-0.40;0.62;-0.68;0.2395;-0.09066;0.1412;-0.1546;61.36;-21.33;95.26;64.56;70.04;0.2395;0.2281;0.01136;-6.207;-6.418;-19.446;0.30;-47.61;
2023-04-18 16:08:02.39;0.00:01:18:757;-0.40;0.62;-0.68;0.2395;-0.09068;0.1411;-0.1547;61.36;-21.34;95.27;64.58;70.04;0.2395;0.2282;0.01134;-6.207;-6.417;-19.456;0.30;-47.62;
2023-04-18 16:08:02.64;0.00:01:19:011;-0.43;0.62;-0.65;0.2398;-0.09735;0.1425;-0.1495;62.16;-20.45;95.21;62.33;71.97;0.2398;0.2284;0.01149;-6.201;-6.414;-19.397;0.29;-46.36;
2023-04-18 16:08:02.90;0.00:01:19:263;-0.43;0.62;-0.65;0.2397;-0.0976;0.1426;-0.1493;62.20;-20.41;95.28;62.29;72.09;0.2397;0.2284;0.01132;-6.204;-6.414;-19.461;0.29;-46.32;
2023-04-18 16:08:03.15;0.00:01:19:518;-0.44;0.63;-0.64;0.2399;-0.1;0.1432;-0.1473;62.47;-20.08;95.25;61.42;72.80;0.2399;0.2285;0.0114;-6.200;-6.411;-19.431;0.28;-45.82;
2023-04-18 16:08:03.41;0.00:01:19:774;-0.45;0.63;-0.63;0.2397;-0.1028;0.1434;-0.145;62.81;-19.71;95.27;60.49;73.60;0.2397;0.2284;0.01134;-6.203;-6.413;-19.453;0.27;-45.32;
2023-04-18 16:08:03.66;0.00:01:20:029;-0.45;0.63;-0.64;0.2398;-0.1027;0.1434;-0.145;62.81;-19.72;95.24;60.50;73.56;0.2398;0.2283;0.01141;-6.202;-6.414;-19.426;0.28;-45.33;
2023-04-18 16:08:03.91;0.00:01:20:280;-0.49;0.63;-0.60;0.24;-0.1109;0.1447;-0.1378;63.73;-18.53;95.24;57.41;75.99;0.24;0.2285;0.01143;-6.198;-6.410;-19.419;0.26;-43.58;
2023-04-18 16:08:04.17;0.00:01:20:535;-0.49;0.63;-0.60;0.24;-0.1108;0.1447;-0.1378;63.72;-18.54;95.22;57.42;75.96;0.24;0.2285;0.01146;-6.199;-6.411;-19.409;0.26;-43.60;
2023-04-18 16:08:04.42;0.00:01:20:791;-0.51;0.64;-0.58;0.24;-0.1169;0.1457;-0.1319;64.37;-17.61;95.27;54.94;77.83;0.24;0.2287;0.01135;-6.197;-6.408;-19.449;0.24;-42.15;
2023-04-18 16:08:04.68;0.00:01:21:046;-0.51;0.64;-0.58;0.2399;-0.1164;0.1452;-0.1326;64.35;-17.74;95.24;55.27;77.56;0.2399;0.2285;0.01143;-6.199;-6.411;-19.421;0.25;-42.40;
2023-04-18 16:08:04.93;0.00:01:21:301;-0.53;0.64;-0.55;0.2404;-0.1222;0.1464;-0.1265;64.92;-16.77;95.21;52.62;79.35;0.2404;0.2288;0.01151;-6.191;-6.405;-19.388;0.23;-40.82;
2023-04-18 16:08:05.19;0.00:01:21:556;-0.54;0.64;-0.55;0.2401;-0.123;0.1462;-0.1256;65.03;-16.66;95.23;52.32;79.57;0.2401;0.2287;0.01145;-6.195;-6.408;-19.412;0.23;-40.67;
2023-04-18 16:08:05.44;0.00:01:21:812;-0.54;0.64;-0.54;0.2405;-0.1246;0.1468;-0.1235;65.17;-16.34;95.10;51.35;80.04;0.2405;0.2287;0.01179;-6.188;-6.406;-19.284;0.23;-40.09;
2023-04-18 16:08:05.70;0.00:01:22:067;-0.56;0.64;-0.53;0.2403;-0.1278;0.1469;-0.1204;65.51;-15.86;95.23;50.08;81.01;0.2403;0.2289;0.01145;-6.192;-6.404;-19.411;0.22;-39.33;
2023-04-18 16:08:05.95;0.00:01:22:316;-0.56;0.64;-0.52;0.2406;-0.1282;0.1471;-0.1199;65.53;-15.78;95.20;49.84;81.11;0.2406;0.229;0.01155;-6.188;-6.401;-19.374;0.22;-39.18;
2023-04-18 16:08:06.20;0.00:01:22:571;-0.58;0.64;-0.50;0.2407;-0.1334;0.1475;-0.1136;66.06;-14.86;95.16;47.18;82.64;0.2407;0.2291;0.01164;-6.185;-6.400;-19.339;0.21;-37.59;
2023-04-18 16:08:06.46;0.00:01:22:824;-0.58;0.64;-0.50;0.2407;-0.1336;0.1476;-0.1136;66.07;-14.85;95.21;47.18;82.70;0.2407;0.2292;0.01152;-6.184;-6.397;-19.384;0.21;-37.58;
2023-04-18 16:08:06.71;0.00:01:23:079;-0.60;0.65;-0.47;0.2409;-0.1382;0.148;-0.1077;66.53;-14.00;95.22;44.71;84.07;0.2409;0.2294;0.01152;-6.182;-6.395;-19.384;0.20;-36.05;
2023-04-18 16:08:06.96;0.00:01:23:332;-0.60;0.65;-0.47;0.241;-0.138;0.1481;-0.1078;66.49;-14.02;95.17;44.74;84.00;0.241;0.2294;0.01163;-6.180;-6.395;-19.345;0.20;-36.05;
2023-04-18 16:08:07.22;0.00:01:23:585;-0.63;0.65;-0.43;0.2413;-0.1447;0.1486;-0.09799;67.12;-12.64;95.09;40.61;85.98;0.2413;0.2294;0.01185;-6.175;-6.394;-19.263;0.18;-33.40;
2023-04-18 16:08:07.47;0.00:01:23:840;-0.63;0.65;-0.43;0.2411;-0.1448;0.1485;-0.09792;67.13;-12.64;95.13;40.61;86.03;0.2411;0.2294;0.01174;-6.178;-6.395;-19.303;0.18;-33.39;
2023-04-18 16:08:07.72;0.00:01:24:092;-0.63;0.65;-0.43;0.2412;-0.1447;0.1487;-0.09798;67.11;-12.64;95.13;40.63;86.02;0.2412;0.2294;0.01174;-6.177;-6.394;-19.305;0.18;-33.38;
2023-04-18 16:08:07.98;0.00:01:24:346;-0.65;0.65;-0.39;0.2413;-0.1496;0.1487;-0.08999;67.58;-11.55;95.06;37.30;87.44;0.2413;0.2294;0.01191;-6.175;-6.395;-19.240;0.17;-31.17;
2023-04-18 16:08:08.23;0.00:01:24:595;-0.65;0.65;-0.39;0.2411;-0.1496;0.1489;-0.0899;67.57;-11.54;95.14;37.29;87.53;0.2411;0.2294;0.01172;-6.178;-6.394;-19.309;0.17;-31.13;
2023-04-18 16:08:08.48;0.00:01:24:851;-0.67;0.65;-0.37;0.2412;-0.1524;0.1487;-0.08487;67.86;-10.87;95.01;35.18;88.26;0.2412;0.2292;0.01203;-6.176;-6.398;-19.199;0.17;-29.72;
2023-04-18 16:08:08.74;0.00:01:25:105;-0.66;0.65;-0.37;0.2413;-0.1522;0.1489;-0.08476;67.81;-10.85;94.95;35.12;88.22;0.2413;0.2292;0.01218;-6.174;-6.399;-19.144;0.17;-29.65;
2023-04-18 16:08:08.99;0.00:01:25:361;-0.68;0.65;-0.33;0.2419;-0.1563;0.149;-0.07643;68.19;-9.75;94.70;31.60;89.27;0.2419;0.2291;0.01282;-6.164;-6.401;-18.922;0.16;-27.16;
2023-04-18 16:08:09.24;0.00:01:25:612;-0.69;0.65;-0.32;0.2412;-0.1579;0.1486;-0.07433;68.36;-9.46;95.04;30.82;89.91;0.2412;0.2292;0.01196;-6.176;-6.397;-19.224;0.16;-26.57;
2023-04-18 16:08:09.50;0.00:01:25:867;-0.70;0.65;-0.31;0.2416;-0.1593;0.1488;-0.07059;68.47;-8.97;94.82;29.21;90.21;0.2416;0.2291;0.01251;-6.168;-6.399;-19.028;0.15;-25.38;
2023-04-18 16:08:09.75;0.00:01:26:120;-0.71;0.65;-0.28;0.2411;-0.1622;0.1482;-0.0653;68.80;-8.28;95.06;27.08;91.12;0.2411;0.2292;0.01192;-6.178;-6.398;-19.236;0.15;-23.78;
2023-04-18 16:08:10.01;0.00:01:26:373;-0.71;0.65;-0.28;0.241;-0.1626;0.1478;-0.06452;68.86;-8.18;95.02;26.77;91.17;0.241;0.229;0.012;-6.179;-6.401;-19.208;0.15;-23.58;
2023-04-18 16:08:10.26;0.00:01:26:628;-0.73;0.64;-0.24;0.2412;-0.1661;0.1476;-0.05572;69.19;-7.04;94.99;23.10;92.14;0.2412;0.2291;0.01207;-6.176;-6.399;-19.182;0.14;-20.67;
2023-04-18 16:08:10.51;0.00:01:26:877;-0.73;0.64;-0.24;0.2411;-0.1662;0.1475;-0.05578;69.21;-7.04;95.04;23.14;92.18;0.2411;0.2291;0.01196;-6.178;-6.399;-19.222;0.14;-20.72;
2023-04-18 16:08:10.76;0.00:01:27:131;-0.74;0.64;-0.21;0.2414;-0.1688;0.1472;-0.04852;69.45;-6.11;94.93;20.10;92.77;0.2414;0.2292;0.01225;-6.172;-6.398;-19.118;0.13;-18.24;
2023-04-18 16:08:11.01;0.00:01:27:383;-0.74;0.64;-0.21;0.2412;-0.1691;0.1468;-0.04772;69.52;-6.02;94.90;19.78;92.81;0.2412;0.2289;0.01231;-6.175;-6.403;-19.098;0.13;-18.01;
2023-04-18 16:08:11.27;0.00:01:27:640;-0.74;0.64;-0.21;0.2414;-0.169;0.147;-0.04746;69.49;-5.98;94.85;19.66;92.79;0.2414;0.229;0.01242;-6.173;-6.402;-19.057;0.13;-17.89;
2023-04-18 16:08:11.52;0.00:01:27:889;-0.75;0.64;-0.16;0.2413;-0.1725;0.146;-0.03774;69.88;-4.74;94.96;15.64;93.67;0.2413;0.2291;0.01215;-6.175;-6.400;-19.153;0.12;-14.50;
2023-04-18 16:08:11.77;0.00:01:28:138;-0.75;0.64;-0.16;0.2412;-0.1726;0.1459;-0.03765;69.89;-4.73;94.99;15.61;93.70;0.2412;0.2291;0.01208;-6.176;-6.399;-19.181;0.12;-14.47;
2023-04-18 16:08:12.03;0.00:01:28:394;-0.76;0.63;-0.13;0.2412;-0.175;0.1449;-0.0296;70.18;-3.71;94.99;12.27;94.20;0.2412;0.2291;0.01207;-6.176;-6.399;-19.181;0.12;-11.54;
2023-04-18 16:08:12.28;0.00:01:28:646;-0.76;0.63;-0.13;0.2412;-0.175;0.145;-0.02953;70.18;-3.70;95.00;12.24;94.21;0.2412;0.2292;0.01205;-6.176;-6.398;-19.189;0.12;-11.51;
2023-04-18 16:08:12.53;0.00:01:28:899;-0.77;0.63;-0.09;0.2414;-0.1774;0.1436;-0.01949;70.51;-2.44;94.91;8.07;94.57;0.2414;0.2291;0.01229;-6.173;-6.400;-19.105;0.11;-7.73;
2023-04-18 16:08:12.78;0.00:01:29:151;-0.77;0.63;-0.08;0.2412;-0.1776;0.1436;-0.01941;70.52;-2.43;95.04;8.05;94.70;0.2412;0.2292;0.01197;-6.177;-6.398;-19.221;0.11;-7.70;
2023-04-18 16:08:13.04;0.00:01:29:405;-0.78;0.62;-0.05;0.242;-0.1782;0.1429;-0.01227;70.64;-1.54;94.55;5.07;94.42;0.242;0.2288;0.01318;-6.163;-6.406;-18.801;0.11;-4.91;
2023-04-18 16:08:13.29;0.00:01:29:659;-0.78;0.62;-0.04;0.2411;-0.1795;0.1422;-0.00975;70.80;-1.22;95.05;4.04;94.97;0.2411;0.2292;0.01193;-6.177;-6.398;-19.232;0.11;-3.92;
2023-04-18 16:08:13.54;0.00:01:29:911;-0.78;0.62;-0.04;0.2411;-0.1794;0.1423;-0.009819;70.79;-1.23;95.05;4.07;94.96;0.2411;0.2292;0.01194;-6.178;-6.398;-19.230;0.11;-3.95;
2023-04-18 16:08:13.80;0.00:01:30:166;-0.78;0.62;-0.01;0.2411;-0.1795;0.1421;-0.001739;70.81;-0.22;94.95;0.72;94.95;0.2411;0.229;0.01217;-6.177;-6.402;-19.146;0.11;-0.70;
2023-04-18 16:08:14.05;0.00:01:30:416;-0.78;0.62;-0.01;0.2411;-0.1793;0.1427;-0.00202;70.74;-0.25;95.04;0.84;95.04;0.2411;0.2292;0.01195;-6.178;-6.399;-19.226;0.11;-0.81;
2023-04-18 16:08:14.30;0.00:01:30:668;-0.79;0.61;0.03;0.241;-0.1806;0.1406;0.007776;71.05;0.97;95.04;3.23;94.99;0.241;0.2291;0.01195;-6.180;-6.400;-19.226;0.11;3.17;
2023-04-18 16:08:14.55;0.00:01:30:922;-0.79;0.61;0.03;0.2411;-0.1806;0.1407;0.007697;71.04;0.96;95.01;3.19;94.96;0.2411;0.229;0.01202;-6.179;-6.401;-19.201;0.11;3.13;
2023-04-18 16:08:14.81;0.00:01:31:173;-0.79;0.61;0.07;0.2414;-0.1809;0.1391;0.01625;71.23;2.04;94.77;6.73;94.53;0.2414;0.2288;0.01262;-6.172;-6.405;-18.989;0.10;6.66;
2023-04-18 16:08:15.06;0.00:01:31:423;-0.79;0.61;0.08;0.241;-0.1814;0.1386;0.01731;71.31;2.17;95.03;7.18;94.76;0.241;0.229;0.01198;-6.180;-6.402;-19.214;0.10;7.12;
2023-04-18 16:08:15.31;0.00:01:31:674;-0.79;0.60;0.09;0.2416;-0.1809;0.1383;0.02074;71.30;2.60;94.64;8.58;94.25;0.2416;0.2287;0.01295;-6.169;-6.408;-18.879;0.10;8.53;
2023-04-18 16:08:15.56;0.00:01:31:930;-0.79;0.60;0.11;0.2409;-0.1819;0.1366;0.02573;71.55;3.23;95.01;10.68;94.40;0.2409;0.2289;0.01203;-6.181;-6.404;-19.196;0.10;10.67;
2023-04-18 16:08:15.81;0.00:01:32:181;-0.79;0.60;0.11;0.2409;-0.1819;0.1366;0.02577;71.54;3.23;95.03;10.70;94.43;0.2409;0.2289;0.01196;-6.182;-6.403;-19.221;0.10;10.68;
2023-04-18 16:08:16.07;0.00:01:32:436;-0.80;0.59;0.16;0.2408;-0.1821;0.134;0.03585;71.83;4.51;95.07;14.89;93.90;0.2408;0.2289;0.01186;-6.184;-6.404;-19.259;0.10;14.98;
2023-04-18 16:08:16.32;0.00:01:32:686;-0.80;0.59;0.16;0.2408;-0.182;0.134;0.03586;71.82;4.51;95.02;14.89;93.85;0.2408;0.2288;0.01199;-6.184;-6.405;-19.213;0.10;14.99;
2023-04-18 16:08:16.57;0.00:01:32:937;-0.79;0.57;0.21;0.241;-0.1812;0.1303;0.04853;72.13;6.13;94.76;20.13;92.60;0.241;0.2284;0.01263;-6.179;-6.413;-18.986;0.10;20.42;
2023-04-18 16:08:16.82;0.00:01:33:191;-0.79;0.57;0.21;0.2406;-0.1815;0.1302;0.04876;72.17;6.16;95.04;20.27;92.85;0.2406;0.2287;0.01194;-6.187;-6.408;-19.229;0.10;20.53;
2023-04-18 16:08:17.07;0.00:01:33:443;-0.79;0.57;0.21;0.2409;-0.1813;0.1303;0.04897;72.15;6.18;94.91;20.33;92.71;0.2409;0.2286;0.01226;-6.182;-6.409;-19.115;0.10;20.59;
2023-04-18 16:08:17.33;0.00:01:33:699;-0.79;0.56;0.25;0.2406;-0.1809;0.1279;0.05655;72.37;7.16;95.05;23.50;92.10;0.2406;0.2287;0.01191;-6.187;-6.407;-19.242;0.10;23.85;
2023-04-18 16:08:17.58;0.00:01:33:951;-0.79;0.56;0.25;0.2406;-0.181;0.1279;0.05654;72.37;7.16;95.05;23.50;92.10;0.2406;0.2287;0.01191;-6.187;-6.407;-19.240;0.10;23.85;
2023-04-18 16:08:17.84;0.00:01:34:203;-0.79;0.55;0.29;0.2406;-0.1797;0.1248;0.06573;72.61;8.36;94.93;27.32;90.92;0.2406;0.2284;0.0122;-6.187;-6.413;-19.138;0.11;27.78;
2023-04-18 16:08:18.09;0.00:01:34:456;-0.79;0.55;0.29;0.2405;-0.1798;0.125;0.06581;72.60;8.36;95.05;27.36;91.03;0.2405;0.2286;0.01191;-6.188;-6.409;-19.241;0.11;27.78;
2023-04-18 16:08:18.34;0.00:01:34:709;-0.78;0.53;0.33;0.2405;-0.1782;0.122;0.07435;72.81;9.50;94.95;30.91;89.78;0.2405;0.2284;0.01215;-6.188;-6.413;-19.154;0.11;31.37;
2023-04-18 16:08:18.60;0.00:01:34:964;-0.78;0.53;0.33;0.2404;-0.1784;0.1219;0.07447;72.83;9.51;95.09;30.98;89.90;0.2404;0.2286;0.0118;-6.191;-6.410;-19.282;0.11;31.42;
2023-04-18 16:08:18.85;0.00:01:35:217;-0.78;0.53;0.33;0.2409;-0.1773;0.1219;0.07594;72.75;9.72;94.70;31.52;89.30;0.2409;0.2282;0.01276;-6.181;-6.418;-18.942;0.11;31.93;
2023-04-18 16:08:19.10;0.00:01:35:472;-0.77;0.51;0.38;0.24;-0.1759;0.1174;0.08583;73.14;11.04;95.11;35.76;88.13;0.24;0.2283;0.01175;-6.197;-6.415;-19.301;0.11;36.16;
2023-04-18 16:08:19.36;0.00:01:35:726;-0.77;0.51;0.38;0.24;-0.1759;0.1175;0.08578;73.13;11.04;95.10;35.73;88.13;0.24;0.2283;0.01176;-6.197;-6.415;-19.294;0.11;36.13;
2023-04-18 16:08:19.61;0.00:01:35:980;-0.76;0.50;0.41;0.24;-0.1741;0.1148;0.0929;73.30;12.00;95.15;38.71;86.92;0.24;0.2283;0.01163;-6.198;-6.414;-19.344;0.12;38.97;
2023-04-18 16:08:19.87;0.00:01:36:236;-0.76;0.50;0.41;0.24;-0.1741;0.1147;0.09291;73.31;12.01;95.11;38.70;86.87;0.24;0.2283;0.01175;-6.197;-6.415;-19.301;0.12;39.00;
2023-04-18 16:08:20.12;0.00:01:36:492;-0.75;0.48;0.45;0.2398;-0.171;0.1101;0.1036;73.61;13.50;95.19;43.21;84.81;0.2398;0.2283;0.01155;-6.201;-6.415;-19.375;0.13;43.26;
2023-04-18 16:08:20.38;0.00:01:36:746;-0.75;0.48;0.45;0.2399;-0.1709;0.1102;0.1037;73.60;13.51;95.16;43.23;84.78;0.2399;0.2283;0.0116;-6.200;-6.415;-19.354;0.13;43.26;
2023-04-18 16:08:20.63;0.00:01:37:000;-0.74;0.48;0.47;0.2406;-0.1684;0.1088;0.1079;73.57;14.14;94.63;44.83;83.34;0.2406;0.2277;0.01292;-6.187;-6.427;-18.888;0.13;44.75;
2023-04-18 16:08:20.89;0.00:01:37:255;-0.74;0.47;0.49;0.2396;-0.168;0.1064;0.1118;73.83;14.68;95.21;46.67;82.99;0.2396;0.2282;0.01147;-6.205;-6.418;-19.405;0.13;46.43;
2023-04-18 16:08:21.14;0.00:01:37:507;-0.74;0.47;0.49;0.2396;-0.168;0.1064;0.1118;73.82;14.67;95.20;46.66;82.99;0.2396;0.2281;0.01149;-6.205;-6.419;-19.397;0.13;46.41;
2023-04-18 16:08:21.39;0.00:01:37:763;-0.72;0.45;0.53;0.2393;-0.1642;0.1019;0.121;74.09;16.03;95.26;50.55;80.74;0.2393;0.228;0.01136;-6.210;-6.421;-19.448;0.14;49.90;
2023-04-18 16:08:21.65;0.00:01:38:013;-0.72;0.45;0.53;0.2394;-0.164;0.1019;0.121;74.07;16.04;95.17;50.54;80.64;0.2394;0.2279;0.01157;-6.208;-6.423;-19.366;0.14;49.90;
2023-04-18 16:08:21.90;0.00:01:38:267;-0.70;0.43;0.57;0.2392;-0.1595;0.09701;0.1305;74.34;17.48;95.23;54.58;78.04;0.2392;0.2278;0.0114;-6.213;-6.425;-19.429;0.15;53.38;
2023-04-18 16:08:22.15;0.00:01:38:522;-0.70;0.43;0.57;0.2392;-0.1595;0.09695;0.1307;74.35;17.50;95.26;54.63;78.04;0.2392;0.2278;0.01133;-6.213;-6.424;-19.458;0.15;53.42;
2023-04-18 16:08:22.41;0.00:01:38:774;-0.70;0.43;0.58;0.2397;-0.1587;0.097;0.1312;74.29;17.60;94.98;54.74;77.62;0.2397;0.2276;0.01202;-6.204;-6.428;-19.200;0.15;53.52;
2023-04-18 16:08:22.66;0.00:01:39:030;-0.68;0.41;0.61;0.2392;-0.1553;0.09264;0.1386;74.59;18.73;95.24;57.92;75.60;0.2392;0.2278;0.01138;-6.212;-6.424;-19.437;0.16;56.23;
2023-04-18 16:08:22.91;0.00:01:39:280;-0.68;0.41;0.61;0.2395;-0.1549;0.09273;0.1388;74.55;18.78;95.08;57.95;75.38;0.2395;0.2277;0.01179;-6.206;-6.426;-19.285;0.16;56.25;
2023-04-18 16:08:23.17;0.00:01:39:534;-0.66;0.39;0.64;0.2391;-0.151;0.08852;0.1458;74.81;19.90;95.25;60.96;73.19;0.2391;0.2278;0.01136;-6.213;-6.425;-19.447;0.17;58.73;
2023-04-18 16:08:23.42;0.00:01:39:786;-0.66;0.39;0.64;0.2391;-0.151;0.0885;0.1458;74.82;19.89;95.27;60.96;73.21;0.2391;0.2278;0.01131;-6.214;-6.424;-19.464;0.17;58.74;
2023-04-18 16:08:23.67;0.00:01:40:042;-0.64;0.37;0.67;0.2388;-0.1457;0.08345;0.1536;75.10;21.22;95.28;64.30;70.31;0.2388;0.2276;0.01128;-6.219;-6.429;-19.478;0.18;61.48;
2023-04-18 16:08:23.92;0.00:01:40:293;-0.64;0.37;0.67;0.2388;-0.1457;0.08345;0.1535;75.10;21.22;95.24;64.27;70.29;0.2388;0.2275;0.01136;-6.219;-6.431;-19.446;0.18;61.47;
2023-04-18 16:08:24.18;0.00:01:40:545;-0.62;0.36;0.69;0.2395;-0.1416;0.08128;0.1573;75.07;21.96;94.64;65.65;68.17;0.2395;0.2267;0.01283;-6.207;-6.446;-18.918;0.19;62.67;
2023-04-18 16:08:24.45;0.00:01:40:814;-0.62;0.34;0.71;0.2386;-0.14;0.07833;0.1609;75.38;22.54;95.21;67.43;67.22;0.2386;0.2272;0.01143;-6.223;-6.436;-19.421;0.19;64.04;
2023-04-18 16:08:24.70;0.00:01:41:064;-0.62;0.34;0.71;0.2386;-0.14;0.07836;0.1609;75.38;22.54;95.23;67.43;67.24;0.2386;0.2272;0.01139;-6.223;-6.436;-19.435;0.19;64.03;
2023-04-18 16:08:24.95;0.00:01:41:315;-0.62;0.34;0.71;0.2385;-0.1401;0.07836;0.1609;75.39;22.53;95.26;67.44;67.28;0.2385;0.2272;0.0113;-6.224;-6.435;-19.468;0.19;64.03;
2023-04-18 16:08:25.20;0.00:01:41:565;-0.62;0.34;0.71;0.2386;-0.14;0.07834;0.1609;75.39;22.53;95.24;67.43;67.26;0.2386;0.2272;0.01136;-6.224;-6.436;-19.448;0.19;64.03;
2023-04-18 16:08:25.44;0.00:01:41:812;-0.62;0.34;0.71;0.2386;-0.14;0.07838;0.1609;75.38;22.54;95.23;67.44;67.24;0.2386;0.2273;0.01137;-6.223;-6.435;-19.441;0.19;64.03;
2023-04-18 16:08:25.69;0.00:01:42:060;-0.62;0.34;0.71;0.2386;-0.14;0.07841;0.161;75.38;22.54;95.26;67.46;67.26;0.2386;0.2273;0.0113;-6.224;-6.434;-19.470;0.19;64.03;
2023-04-18 16:08:25.94;0.00:01:42:307;-0.62;0.35;0.71;0.2385;-0.14;0.07841;0.1609;75.37;22.54;95.26;67.45;67.27;0.2385;0.2272;0.01132;-6.225;-6.436;-19.463;0.19;64.02;
2023-04-18 16:08:26.19;0.00:01:42:559;-0.62;0.34;0.71;0.2385;-0.14;0.07833;0.1609;75.38;22.54;95.24;67.44;67.24;0.2385;0.2271;0.01136;-6.225;-6.437;-19.445;0.19;64.03;
2023-04-18 16:08:26.44;0.00:01:42:810;-0.62;0.34;0.71;0.2385;-0.14;0.0783;0.1608;75.39;22.54;95.23;67.43;67.25;0.2385;0.2271;0.01137;-6.226;-6.438;-19.442;0.19;64.03;
2023-04-18 16:08:26.69;0.00:01:43:059;-0.62;0.34;0.71;0.2385;-0.1399;0.07832;0.1608;75.38;22.54;95.23;67.44;67.24;0.2385;0.2271;0.01138;-6.225;-6.438;-19.440;0.19;64.03;
2023-04-18 16:08:26.94;0.00:01:43:309;-0.62;0.34;0.71;0.2385;-0.1399;0.0783;0.1609;75.38;22.55;95.23;67.45;67.23;0.2385;0.2271;0.01137;-6.225;-6.438;-19.441;0.19;64.04;
2023-04-18 16:08:27.19;0.00:01:43:561;-0.62;0.34;0.71;0.2385;-0.1399;0.07828;0.1608;75.39;22.54;95.21;67.42;67.23;0.2385;0.2271;0.01142;-6.226;-6.439;-19.425;0.19;64.04;
2023-04-18 16:08:27.44;0.00:01:43:809;-0.62;0.34;0.71;0.2385;-0.1399;0.07833;0.1609;75.38;22.55;95.25;67.46;67.24;0.2385;0.2272;0.01134;-6.225;-6.437;-19.456;0.19;64.04;
2023-04-18 16:08:27.69;0.00:01:44:058;-0.62;0.34;0.71;0.2386;-0.1399;0.07835;0.161;75.38;22.55;95.24;67.47;67.22;0.2386;0.2272;0.01135;-6.224;-6.435;-19.451;0.19;64.05;
2023-04-18 16:08:27.94;0.00:01:44:307;-0.62;0.34;0.71;0.2385;-0.14;0.07835;0.1609;75.38;22.55;95.24;67.45;67.24;0.2385;0.2272;0.01135;-6.224;-6.436;-19.449;0.19;64.04;
2023-04-18 16:08:28.19;0.00:01:44:554;-0.62;0.34;0.71;0.2385;-0.14;0.07835;0.1609;75.38;22.54;95.23;67.43;67.24;0.2385;0.2272;0.01138;-6.225;-6.437;-19.439;0.19;64.03;
2023-04-18 16:08:28.44;0.00:01:44:805;-0.62;0.34;0.71;0.2386;-0.14;0.07831;0.1609;75.39;22.54;95.22;67.43;67.23;0.2386;0.2271;0.01141;-6.224;-6.437;-19.428;0.19;64.04;
2023-04-18 16:08:28.69;0.00:01:45:056;-0.62;0.34;0.71;0.2386;-0.1399;0.07833;0.1609;75.38;22.55;95.22;67.44;67.22;0.2386;0.2272;0.01141;-6.224;-6.437;-19.428;0.19;64.04;
2023-04-18 16:08:28.94;0.00:01:45:310;-0.62;0.34;0.71;0.2386;-0.1399;0.07834;0.161;75.38;22.56;95.23;67.47;67.20;0.2386;0.2272;0.01138;-6.223;-6.435;-19.438;0.19;64.05;
2023-04-18 16:08:29.19;0.00:01:45:557;-0.62;0.34;0.71;0.2385;-0.1399;0.07829;0.1609;75.39;22.55;95.24;67.47;67.22;0.2385;0.2272;0.01137;-6.224;-6.436;-19.444;0.19;64.06;
2023-04-18 16:08:29.44;0.00:01:45:807;-0.62;0.34;0.71;0.2385;-0.1399;0.07827;0.1609;75.39;22.56;95.22;67.46;67.20;0.2385;0.2271;0.01141;-6.224;-6.437;-19.429;0.19;64.06;
2023-04-18 16:08:29.69;0.00:01:46:056;-0.62;0.34;0.71;0.2385;-0.1399;0.07829;0.1609;75.38;22.56;95.23;67.47;67.21;0.2385;0.2272;0.01138;-6.224;-6.437;-19.439;0.19;64.06;
2023-04-18 16:08:29.95;0.00:01:46:322;-0.62;0.34;0.71;0.2385;-0.1399;0.07825;0.1608;75.39;22.55;95.24;67.45;67.23;0.2385;0.2271;0.01136;-6.226;-6.438;-19.446;0.19;64.06;
2023-04-18 16:08:30.20;0.00:01:46:571;-0.62;0.34;0.71;0.2385;-0.1399;0.0783;0.1608;75.38;22.55;95.23;67.45;67.23;0.2385;0.2271;0.01136;-6.226;-6.438;-19.445;0.19;64.04;
2023-04-18 16:08:30.45;0.00:01:46:820;-0.62;0.34;0.71;0.2385;-0.1398;0.07833;0.1609;75.37;22.55;95.22;67.46;67.20;0.2385;0.2271;0.0114;-6.225;-6.438;-19.431;0.19;64.04;
2023-04-18 16:08:30.70;0.00:01:47:071;-0.62;0.34;0.71;0.2383;-0.1399;0.07829;0.1608;75.38;22.54;95.25;67.45;67.25;0.2383;0.227;0.01133;-6.228;-6.439;-19.457;0.19;64.04;
2023-04-18 16:08:30.95;0.00:01:47:322;-0.62;0.34;0.71;0.2383;-0.1398;0.07822;0.1607;75.39;22.55;95.24;67.45;67.24;0.2383;0.2269;0.01135;-6.229;-6.441;-19.449;0.19;64.05;
2023-04-18 16:08:31.22;0.00:01:47:588;-0.62;0.34;0.71;0.2383;-0.1398;0.07826;0.1608;75.38;22.55;95.25;67.47;67.23;0.2383;0.227;0.01133;-6.228;-6.440;-19.459;0.19;64.05;
2023-04-18 16:08:31.47;0.00:01:47:838;-0.62;0.34;0.71;0.2384;-0.1398;0.07823;0.1608;75.39;22.56;95.24;67.47;67.21;0.2384;0.227;0.01135;-6.228;-6.440;-19.448;0.19;64.06;
2023-04-18 16:08:31.72;0.00:01:48:087;-0.62;0.34;0.71;0.2384;-0.1398;0.0782;0.1608;75.39;22.55;95.23;67.46;67.21;0.2384;0.227;0.01138;-6.228;-6.440;-19.439;0.19;64.06;
2023-04-18 16:08:31.97;0.00:01:48:338;-0.62;0.34;0.71;0.2384;-0.1398;0.07823;0.1609;75.39;22.56;95.22;67.47;67.19;0.2384;0.227;0.01139;-6.226;-6.439;-19.436;0.19;64.07;
2023-04-18 16:08:32.22;0.00:01:48:588;-0.62;0.34;0.71;0.2384;-0.1398;0.07825;0.1609;75.38;22.56;95.23;67.48;67.20;0.2384;0.2271;0.01137;-6.226;-6.438;-19.444;0.19;64.06;
2023-04-18 16:08:32.47;0.00:01:48:837;-0.62;0.34;0.71;0.2385;-0.1398;0.07824;0.1609;75.39;22.55;95.21;67.45;67.19;0.2385;0.227;0.01142;-6.226;-6.439;-19.422;0.19;64.06;
2023-04-18 16:08:32.72;0.00:01:49:085;-0.62;0.34;0.71;0.2385;-0.1399;0.07827;0.1609;75.38;22.56;95.23;67.47;67.20;0.2385;0.2271;0.01138;-6.225;-6.437;-19.439;0.19;64.06;
2023-04-18 16:08:32.97;0.00:01:49:336;-0.62;0.34;0.71;0.2385;-0.1399;0.07829;0.1609;75.38;22.55;95.23;67.46;67.22;0.2385;0.2271;0.01137;-6.226;-6.438;-19.443;0.19;64.05;
2023-04-18 16:08:33.22;0.00:01:49:586;-0.62;0.34;0.71;0.2386;-0.1399;0.07827;0.1609;75.38;22.56;95.22;67.47;67.19;0.2386;0.2271;0.01141;-6.224;-6.437;-19.425;0.19;64.06;
2023-04-18 16:08:33.50;0.00:01:49:867;-0.62;0.34;0.71;0.2385;-0.1399;0.07827;0.1609;75.39;22.56;95.23;67.47;67.21;0.2385;0.2272;0.01137;-6.224;-6.436;-19.443;0.19;64.07;
